country,iso3,g_whoregion,year,ptsurvey_newinc_5plus,rev_newinc,download_date
Afghanistan,AFG,EMR,2015,NA,NA,2023-10-12
Afghanistan,AFG,EMR,2016,NA,NA,2023-10-12
Afghanistan,AFG,EMR,2017,NA,NA,2023-10-12
Afghanistan,AFG,EMR,2018,NA,NA,2023-10-12
Afghanistan,AFG,EMR,2019,NA,NA,2023-10-12
Afghanistan,AFG,EMR,2020,NA,NA,2023-10-12
Afghanistan,AFG,EMR,2021,NA,NA,2023-10-12
Albania,ALB,EUR,2015,NA,NA,2023-10-12
Albania,ALB,EUR,2016,NA,NA,2023-10-12
Albania,ALB,EUR,2017,NA,NA,2023-10-12
Albania,ALB,EUR,2018,NA,NA,2023-10-12
Albania,ALB,EUR,2019,NA,NA,2023-10-12
Albania,ALB,EUR,2020,NA,NA,2023-10-12
Albania,ALB,EUR,2021,NA,NA,2023-10-12
Algeria,DZA,AFR,2015,NA,NA,2023-10-12
Algeria,DZA,AFR,2016,NA,NA,2023-10-12
Algeria,DZA,AFR,2017,NA,NA,2023-10-12
Algeria,DZA,AFR,2018,NA,NA,2023-10-12
Algeria,DZA,AFR,2019,NA,NA,2023-10-12
Algeria,DZA,AFR,2020,NA,NA,2023-10-12
Algeria,DZA,AFR,2021,NA,NA,2023-10-12
American Samoa,ASM,WPR,2015,NA,NA,2023-10-12
American Samoa,ASM,WPR,2016,NA,NA,2023-10-12
American Samoa,ASM,WPR,2017,0,NA,2023-10-12
American Samoa,ASM,WPR,2018,NA,NA,2023-10-12
American Samoa,ASM,WPR,2019,NA,NA,2023-10-12
American Samoa,ASM,WPR,2020,NA,NA,2023-10-12
American Samoa,ASM,WPR,2021,NA,NA,2023-10-12
Andorra,AND,EUR,2015,NA,NA,2023-10-12
Andorra,AND,EUR,2016,NA,NA,2023-10-12
Andorra,AND,EUR,2017,NA,NA,2023-10-12
Andorra,AND,EUR,2018,NA,NA,2023-10-12
Andorra,AND,EUR,2019,NA,NA,2023-10-12
Andorra,AND,EUR,2020,NA,NA,2023-10-12
Andorra,AND,EUR,2021,NA,NA,2023-10-12
Angola,AGO,AFR,2015,NA,NA,2023-10-12
Angola,AGO,AFR,2016,NA,NA,2023-10-12
Angola,AGO,AFR,2017,NA,NA,2023-10-12
Angola,AGO,AFR,2018,NA,NA,2023-10-12
Angola,AGO,AFR,2019,NA,NA,2023-10-12
Angola,AGO,AFR,2020,NA,NA,2023-10-12
Angola,AGO,AFR,2021,NA,NA,2023-10-12
Anguilla,AIA,AMR,2015,NA,NA,2023-10-12
Anguilla,AIA,AMR,2016,NA,NA,2023-10-12
Anguilla,AIA,AMR,2017,NA,NA,2023-10-12
Anguilla,AIA,AMR,2018,NA,NA,2023-10-12
Anguilla,AIA,AMR,2019,NA,NA,2023-10-12
Anguilla,AIA,AMR,2020,NA,NA,2023-10-12
Anguilla,AIA,AMR,2021,NA,NA,2023-10-12
Antigua and Barbuda,ATG,AMR,2015,NA,NA,2023-10-12
Antigua and Barbuda,ATG,AMR,2016,NA,NA,2023-10-12
Antigua and Barbuda,ATG,AMR,2017,NA,NA,2023-10-12
Antigua and Barbuda,ATG,AMR,2018,NA,NA,2023-10-12
Antigua and Barbuda,ATG,AMR,2019,NA,NA,2023-10-12
Antigua and Barbuda,ATG,AMR,2020,NA,NA,2023-10-12
Antigua and Barbuda,ATG,AMR,2021,NA,NA,2023-10-12
Argentina,ARG,AMR,2015,NA,NA,2023-10-12
Argentina,ARG,AMR,2016,NA,NA,2023-10-12
Argentina,ARG,AMR,2017,NA,NA,2023-10-12
Argentina,ARG,AMR,2018,NA,NA,2023-10-12
Argentina,ARG,AMR,2019,NA,NA,2023-10-12
Argentina,ARG,AMR,2020,NA,NA,2023-10-12
Argentina,ARG,AMR,2021,NA,NA,2023-10-12
Armenia,ARM,EUR,2015,NA,NA,2023-10-12
Armenia,ARM,EUR,2016,NA,NA,2023-10-12
Armenia,ARM,EUR,2017,NA,NA,2023-10-12
Armenia,ARM,EUR,2018,NA,NA,2023-10-12
Armenia,ARM,EUR,2019,NA,NA,2023-10-12
Armenia,ARM,EUR,2020,NA,NA,2023-10-12
Armenia,ARM,EUR,2021,NA,NA,2023-10-12
Aruba,ABW,AMR,2015,NA,NA,2023-10-12
Aruba,ABW,AMR,2016,NA,NA,2023-10-12
Aruba,ABW,AMR,2017,NA,NA,2023-10-12
Aruba,ABW,AMR,2018,NA,NA,2023-10-12
Aruba,ABW,AMR,2019,NA,NA,2023-10-12
Aruba,ABW,AMR,2020,NA,NA,2023-10-12
Aruba,ABW,AMR,2021,NA,NA,2023-10-12
Australia,AUS,WPR,2015,NA,NA,2023-10-12
Australia,AUS,WPR,2016,NA,NA,2023-10-12
Australia,AUS,WPR,2017,NA,NA,2023-10-12
Australia,AUS,WPR,2018,NA,NA,2023-10-12
Australia,AUS,WPR,2019,NA,NA,2023-10-12
Australia,AUS,WPR,2020,NA,NA,2023-10-12
Australia,AUS,WPR,2021,NA,NA,2023-10-12
Austria,AUT,EUR,2015,NA,NA,2023-10-12
Austria,AUT,EUR,2016,NA,NA,2023-10-12
Austria,AUT,EUR,2017,NA,NA,2023-10-12
Austria,AUT,EUR,2018,NA,NA,2023-10-12
Austria,AUT,EUR,2019,NA,NA,2023-10-12
Austria,AUT,EUR,2020,NA,NA,2023-10-12
Austria,AUT,EUR,2021,NA,NA,2023-10-12
Azerbaijan,AZE,EUR,2015,NA,NA,2023-10-12
Azerbaijan,AZE,EUR,2016,NA,NA,2023-10-12
Azerbaijan,AZE,EUR,2017,NA,NA,2023-10-12
Azerbaijan,AZE,EUR,2018,NA,NA,2023-10-12
Azerbaijan,AZE,EUR,2019,NA,NA,2023-10-12
Azerbaijan,AZE,EUR,2020,NA,NA,2023-10-12
Azerbaijan,AZE,EUR,2021,NA,NA,2023-10-12
Bahamas,BHS,AMR,2015,NA,NA,2023-10-12
Bahamas,BHS,AMR,2016,NA,NA,2023-10-12
Bahamas,BHS,AMR,2017,NA,NA,2023-10-12
Bahamas,BHS,AMR,2018,NA,NA,2023-10-12
Bahamas,BHS,AMR,2019,NA,NA,2023-10-12
Bahamas,BHS,AMR,2020,NA,NA,2023-10-12
Bahamas,BHS,AMR,2021,NA,NA,2023-10-12
Bahrain,BHR,EMR,2015,NA,NA,2023-10-12
Bahrain,BHR,EMR,2016,NA,NA,2023-10-12
Bahrain,BHR,EMR,2017,NA,NA,2023-10-12
Bahrain,BHR,EMR,2018,NA,NA,2023-10-12
Bahrain,BHR,EMR,2019,NA,NA,2023-10-12
Bahrain,BHR,EMR,2020,NA,NA,2023-10-12
Bahrain,BHR,EMR,2021,NA,NA,2023-10-12
Bangladesh,BGD,SEA,2015,NA,NA,2023-10-12
Bangladesh,BGD,SEA,2016,NA,NA,2023-10-12
Bangladesh,BGD,SEA,2017,NA,NA,2023-10-12
Bangladesh,BGD,SEA,2018,NA,NA,2023-10-12
Bangladesh,BGD,SEA,2019,NA,NA,2023-10-12
Bangladesh,BGD,SEA,2020,NA,NA,2023-10-12
Bangladesh,BGD,SEA,2021,NA,NA,2023-10-12
Barbados,BRB,AMR,2015,NA,NA,2023-10-12
Barbados,BRB,AMR,2016,NA,NA,2023-10-12
Barbados,BRB,AMR,2017,NA,NA,2023-10-12
Barbados,BRB,AMR,2018,NA,NA,2023-10-12
Barbados,BRB,AMR,2019,NA,NA,2023-10-12
Barbados,BRB,AMR,2020,NA,NA,2023-10-12
Barbados,BRB,AMR,2021,NA,NA,2023-10-12
Belarus,BLR,EUR,2015,NA,NA,2023-10-12
Belarus,BLR,EUR,2016,NA,NA,2023-10-12
Belarus,BLR,EUR,2017,NA,NA,2023-10-12
Belarus,BLR,EUR,2018,NA,NA,2023-10-12
Belarus,BLR,EUR,2019,NA,NA,2023-10-12
Belarus,BLR,EUR,2020,NA,NA,2023-10-12
Belarus,BLR,EUR,2021,NA,NA,2023-10-12
Belgium,BEL,EUR,2015,NA,NA,2023-10-12
Belgium,BEL,EUR,2016,NA,NA,2023-10-12
Belgium,BEL,EUR,2017,NA,NA,2023-10-12
Belgium,BEL,EUR,2018,NA,NA,2023-10-12
Belgium,BEL,EUR,2019,NA,NA,2023-10-12
Belgium,BEL,EUR,2020,NA,NA,2023-10-12
Belgium,BEL,EUR,2021,NA,NA,2023-10-12
Belize,BLZ,AMR,2015,NA,NA,2023-10-12
Belize,BLZ,AMR,2016,NA,NA,2023-10-12
Belize,BLZ,AMR,2017,NA,NA,2023-10-12
Belize,BLZ,AMR,2018,NA,NA,2023-10-12
Belize,BLZ,AMR,2019,NA,0,2023-10-12
Belize,BLZ,AMR,2020,NA,NA,2023-10-12
Belize,BLZ,AMR,2021,NA,NA,2023-10-12
Benin,BEN,AFR,2015,NA,NA,2023-10-12
Benin,BEN,AFR,2016,NA,NA,2023-10-12
Benin,BEN,AFR,2017,NA,NA,2023-10-12
Benin,BEN,AFR,2018,NA,NA,2023-10-12
Benin,BEN,AFR,2019,NA,NA,2023-10-12
Benin,BEN,AFR,2020,NA,NA,2023-10-12
Benin,BEN,AFR,2021,NA,NA,2023-10-12
Bermuda,BMU,AMR,2015,NA,NA,2023-10-12
Bermuda,BMU,AMR,2016,NA,NA,2023-10-12
Bermuda,BMU,AMR,2017,NA,NA,2023-10-12
Bermuda,BMU,AMR,2018,NA,NA,2023-10-12
Bermuda,BMU,AMR,2019,NA,NA,2023-10-12
Bermuda,BMU,AMR,2020,NA,NA,2023-10-12
Bermuda,BMU,AMR,2021,NA,NA,2023-10-12
Bhutan,BTN,SEA,2015,NA,NA,2023-10-12
Bhutan,BTN,SEA,2016,NA,NA,2023-10-12
Bhutan,BTN,SEA,2017,NA,NA,2023-10-12
Bhutan,BTN,SEA,2018,NA,NA,2023-10-12
Bhutan,BTN,SEA,2019,NA,NA,2023-10-12
Bhutan,BTN,SEA,2020,NA,NA,2023-10-12
Bhutan,BTN,SEA,2021,NA,NA,2023-10-12
Bolivia (Plurinational State of),BOL,AMR,2015,NA,NA,2023-10-12
Bolivia (Plurinational State of),BOL,AMR,2016,NA,NA,2023-10-12
Bolivia (Plurinational State of),BOL,AMR,2017,NA,NA,2023-10-12
Bolivia (Plurinational State of),BOL,AMR,2018,NA,NA,2023-10-12
Bolivia (Plurinational State of),BOL,AMR,2019,NA,NA,2023-10-12
Bolivia (Plurinational State of),BOL,AMR,2020,NA,NA,2023-10-12
Bolivia (Plurinational State of),BOL,AMR,2021,NA,NA,2023-10-12
Bosnia and Herzegovina,BIH,EUR,2015,NA,NA,2023-10-12
Bosnia and Herzegovina,BIH,EUR,2016,NA,NA,2023-10-12
Bosnia and Herzegovina,BIH,EUR,2017,NA,NA,2023-10-12
Bosnia and Herzegovina,BIH,EUR,2018,NA,NA,2023-10-12
Bosnia and Herzegovina,BIH,EUR,2019,NA,NA,2023-10-12
Bosnia and Herzegovina,BIH,EUR,2020,NA,NA,2023-10-12
Bosnia and Herzegovina,BIH,EUR,2021,NA,NA,2023-10-12
Botswana,BWA,AFR,2015,NA,NA,2023-10-12
Botswana,BWA,AFR,2016,NA,NA,2023-10-12
Botswana,BWA,AFR,2017,NA,NA,2023-10-12
Botswana,BWA,AFR,2018,NA,NA,2023-10-12
Botswana,BWA,AFR,2019,NA,NA,2023-10-12
Botswana,BWA,AFR,2020,NA,NA,2023-10-12
Botswana,BWA,AFR,2021,NA,NA,2023-10-12
Brazil,BRA,AMR,2015,NA,NA,2023-10-12
Brazil,BRA,AMR,2016,NA,NA,2023-10-12
Brazil,BRA,AMR,2017,NA,NA,2023-10-12
Brazil,BRA,AMR,2018,NA,NA,2023-10-12
Brazil,BRA,AMR,2019,NA,NA,2023-10-12
Brazil,BRA,AMR,2020,NA,NA,2023-10-12
Brazil,BRA,AMR,2021,NA,NA,2023-10-12
British Virgin Islands,VGB,AMR,2015,NA,NA,2023-10-12
British Virgin Islands,VGB,AMR,2016,NA,NA,2023-10-12
British Virgin Islands,VGB,AMR,2017,NA,NA,2023-10-12
British Virgin Islands,VGB,AMR,2018,NA,NA,2023-10-12
British Virgin Islands,VGB,AMR,2019,NA,NA,2023-10-12
British Virgin Islands,VGB,AMR,2020,NA,NA,2023-10-12
British Virgin Islands,VGB,AMR,2021,NA,NA,2023-10-12
Brunei Darussalam,BRN,WPR,2015,NA,NA,2023-10-12
Brunei Darussalam,BRN,WPR,2016,NA,NA,2023-10-12
Brunei Darussalam,BRN,WPR,2017,NA,NA,2023-10-12
Brunei Darussalam,BRN,WPR,2018,NA,NA,2023-10-12
Brunei Darussalam,BRN,WPR,2019,NA,NA,2023-10-12
Brunei Darussalam,BRN,WPR,2020,NA,NA,2023-10-12
Brunei Darussalam,BRN,WPR,2021,NA,NA,2023-10-12
Bulgaria,BGR,EUR,2015,NA,NA,2023-10-12
Bulgaria,BGR,EUR,2016,NA,NA,2023-10-12
Bulgaria,BGR,EUR,2017,NA,NA,2023-10-12
Bulgaria,BGR,EUR,2018,NA,NA,2023-10-12
Bulgaria,BGR,EUR,2019,NA,NA,2023-10-12
Bulgaria,BGR,EUR,2020,NA,NA,2023-10-12
Bulgaria,BGR,EUR,2021,NA,NA,2023-10-12
Burkina Faso,BFA,AFR,2015,NA,NA,2023-10-12
Burkina Faso,BFA,AFR,2016,NA,NA,2023-10-12
Burkina Faso,BFA,AFR,2017,NA,NA,2023-10-12
Burkina Faso,BFA,AFR,2018,NA,NA,2023-10-12
Burkina Faso,BFA,AFR,2019,NA,NA,2023-10-12
Burkina Faso,BFA,AFR,2020,NA,NA,2023-10-12
Burkina Faso,BFA,AFR,2021,NA,NA,2023-10-12
Burundi,BDI,AFR,2015,NA,NA,2023-10-12
Burundi,BDI,AFR,2016,NA,NA,2023-10-12
Burundi,BDI,AFR,2017,NA,NA,2023-10-12
Burundi,BDI,AFR,2018,NA,NA,2023-10-12
Burundi,BDI,AFR,2019,NA,NA,2023-10-12
Burundi,BDI,AFR,2020,NA,NA,2023-10-12
Burundi,BDI,AFR,2021,NA,NA,2023-10-12
Cabo Verde,CPV,AFR,2015,NA,NA,2023-10-12
Cabo Verde,CPV,AFR,2016,NA,NA,2023-10-12
Cabo Verde,CPV,AFR,2017,NA,NA,2023-10-12
Cabo Verde,CPV,AFR,2018,NA,NA,2023-10-12
Cabo Verde,CPV,AFR,2019,NA,NA,2023-10-12
Cabo Verde,CPV,AFR,2020,NA,NA,2023-10-12
Cabo Verde,CPV,AFR,2021,NA,NA,2023-10-12
Cambodia,KHM,WPR,2015,NA,NA,2023-10-12
Cambodia,KHM,WPR,2016,NA,NA,2023-10-12
Cambodia,KHM,WPR,2017,NA,NA,2023-10-12
Cambodia,KHM,WPR,2018,NA,NA,2023-10-12
Cambodia,KHM,WPR,2019,NA,NA,2023-10-12
Cambodia,KHM,WPR,2020,NA,NA,2023-10-12
Cambodia,KHM,WPR,2021,NA,NA,2023-10-12
Cameroon,CMR,AFR,2015,NA,NA,2023-10-12
Cameroon,CMR,AFR,2016,NA,NA,2023-10-12
Cameroon,CMR,AFR,2017,NA,NA,2023-10-12
Cameroon,CMR,AFR,2018,NA,NA,2023-10-12
Cameroon,CMR,AFR,2019,NA,NA,2023-10-12
Cameroon,CMR,AFR,2020,NA,NA,2023-10-12
Cameroon,CMR,AFR,2021,NA,NA,2023-10-12
Canada,CAN,AMR,2015,NA,NA,2023-10-12
Canada,CAN,AMR,2016,NA,NA,2023-10-12
Canada,CAN,AMR,2017,NA,NA,2023-10-12
Canada,CAN,AMR,2018,NA,NA,2023-10-12
Canada,CAN,AMR,2019,NA,NA,2023-10-12
Canada,CAN,AMR,2020,NA,NA,2023-10-12
Canada,CAN,AMR,2021,NA,NA,2023-10-12
Cayman Islands,CYM,AMR,2015,NA,NA,2023-10-12
Cayman Islands,CYM,AMR,2016,NA,NA,2023-10-12
Cayman Islands,CYM,AMR,2017,NA,NA,2023-10-12
Cayman Islands,CYM,AMR,2018,NA,NA,2023-10-12
Cayman Islands,CYM,AMR,2019,NA,NA,2023-10-12
Cayman Islands,CYM,AMR,2020,NA,NA,2023-10-12
Cayman Islands,CYM,AMR,2021,NA,NA,2023-10-12
Central African Republic,CAF,AFR,2015,NA,NA,2023-10-12
Central African Republic,CAF,AFR,2016,NA,NA,2023-10-12
Central African Republic,CAF,AFR,2017,NA,NA,2023-10-12
Central African Republic,CAF,AFR,2018,NA,NA,2023-10-12
Central African Republic,CAF,AFR,2019,NA,NA,2023-10-12
Central African Republic,CAF,AFR,2020,NA,NA,2023-10-12
Central African Republic,CAF,AFR,2021,NA,NA,2023-10-12
Chad,TCD,AFR,2015,NA,NA,2023-10-12
Chad,TCD,AFR,2016,NA,NA,2023-10-12
Chad,TCD,AFR,2017,NA,NA,2023-10-12
Chad,TCD,AFR,2018,NA,NA,2023-10-12
Chad,TCD,AFR,2019,NA,NA,2023-10-12
Chad,TCD,AFR,2020,NA,NA,2023-10-12
Chad,TCD,AFR,2021,NA,NA,2023-10-12
Chile,CHL,AMR,2015,NA,NA,2023-10-12
Chile,CHL,AMR,2016,NA,NA,2023-10-12
Chile,CHL,AMR,2017,NA,NA,2023-10-12
Chile,CHL,AMR,2018,NA,NA,2023-10-12
Chile,CHL,AMR,2019,NA,NA,2023-10-12
Chile,CHL,AMR,2020,NA,NA,2023-10-12
Chile,CHL,AMR,2021,NA,NA,2023-10-12
China,CHN,WPR,2015,NA,NA,2023-10-12
China,CHN,WPR,2016,NA,NA,2023-10-12
China,CHN,WPR,2017,NA,NA,2023-10-12
China,CHN,WPR,2018,NA,NA,2023-10-12
China,CHN,WPR,2019,NA,NA,2023-10-12
China,CHN,WPR,2020,NA,NA,2023-10-12
China,CHN,WPR,2021,NA,NA,2023-10-12
"China, Hong Kong SAR",HKG,WPR,2015,NA,NA,2023-10-12
"China, Hong Kong SAR",HKG,WPR,2016,NA,NA,2023-10-12
"China, Hong Kong SAR",HKG,WPR,2017,NA,NA,2023-10-12
"China, Hong Kong SAR",HKG,WPR,2018,NA,NA,2023-10-12
"China, Hong Kong SAR",HKG,WPR,2019,NA,NA,2023-10-12
"China, Hong Kong SAR",HKG,WPR,2020,NA,NA,2023-10-12
"China, Hong Kong SAR",HKG,WPR,2021,NA,NA,2023-10-12
"China, Macao SAR",MAC,WPR,2015,NA,NA,2023-10-12
"China, Macao SAR",MAC,WPR,2016,NA,NA,2023-10-12
"China, Macao SAR",MAC,WPR,2017,NA,NA,2023-10-12
"China, Macao SAR",MAC,WPR,2018,NA,NA,2023-10-12
"China, Macao SAR",MAC,WPR,2019,NA,NA,2023-10-12
"China, Macao SAR",MAC,WPR,2020,NA,NA,2023-10-12
"China, Macao SAR",MAC,WPR,2021,NA,NA,2023-10-12
Colombia,COL,AMR,2015,NA,NA,2023-10-12
Colombia,COL,AMR,2016,NA,NA,2023-10-12
Colombia,COL,AMR,2017,NA,NA,2023-10-12
Colombia,COL,AMR,2018,NA,NA,2023-10-12
Colombia,COL,AMR,2019,NA,NA,2023-10-12
Colombia,COL,AMR,2020,NA,NA,2023-10-12
Colombia,COL,AMR,2021,NA,NA,2023-10-12
Comoros,COM,AFR,2015,NA,NA,2023-10-12
Comoros,COM,AFR,2016,NA,NA,2023-10-12
Comoros,COM,AFR,2017,NA,NA,2023-10-12
Comoros,COM,AFR,2018,NA,NA,2023-10-12
Comoros,COM,AFR,2019,NA,NA,2023-10-12
Comoros,COM,AFR,2020,NA,NA,2023-10-12
Comoros,COM,AFR,2021,NA,NA,2023-10-12
Congo,COG,AFR,2015,NA,NA,2023-10-12
Congo,COG,AFR,2016,NA,NA,2023-10-12
Congo,COG,AFR,2017,NA,NA,2023-10-12
Congo,COG,AFR,2018,NA,NA,2023-10-12
Congo,COG,AFR,2019,NA,NA,2023-10-12
Congo,COG,AFR,2020,NA,NA,2023-10-12
Congo,COG,AFR,2021,NA,NA,2023-10-12
Cook Islands,COK,WPR,2015,NA,NA,2023-10-12
Cook Islands,COK,WPR,2016,NA,NA,2023-10-12
Cook Islands,COK,WPR,2017,NA,NA,2023-10-12
Cook Islands,COK,WPR,2018,NA,NA,2023-10-12
Cook Islands,COK,WPR,2019,NA,NA,2023-10-12
Cook Islands,COK,WPR,2020,NA,NA,2023-10-12
Cook Islands,COK,WPR,2021,NA,NA,2023-10-12
Costa Rica,CRI,AMR,2015,NA,NA,2023-10-12
Costa Rica,CRI,AMR,2016,NA,NA,2023-10-12
Costa Rica,CRI,AMR,2017,NA,NA,2023-10-12
Costa Rica,CRI,AMR,2018,NA,NA,2023-10-12
Costa Rica,CRI,AMR,2019,NA,NA,2023-10-12
Costa Rica,CRI,AMR,2020,NA,NA,2023-10-12
Costa Rica,CRI,AMR,2021,NA,NA,2023-10-12
Côte d'Ivoire,CIV,AFR,2015,NA,NA,2023-10-12
Côte d'Ivoire,CIV,AFR,2016,NA,NA,2023-10-12
Côte d'Ivoire,CIV,AFR,2017,NA,NA,2023-10-12
Côte d'Ivoire,CIV,AFR,2018,NA,NA,2023-10-12
Côte d'Ivoire,CIV,AFR,2019,NA,NA,2023-10-12
Côte d'Ivoire,CIV,AFR,2020,NA,NA,2023-10-12
Côte d'Ivoire,CIV,AFR,2021,NA,NA,2023-10-12
Croatia,HRV,EUR,2015,NA,NA,2023-10-12
Croatia,HRV,EUR,2016,NA,NA,2023-10-12
Croatia,HRV,EUR,2017,NA,NA,2023-10-12
Croatia,HRV,EUR,2018,NA,NA,2023-10-12
Croatia,HRV,EUR,2019,NA,NA,2023-10-12
Croatia,HRV,EUR,2020,NA,NA,2023-10-12
Croatia,HRV,EUR,2021,NA,NA,2023-10-12
Cuba,CUB,AMR,2015,NA,NA,2023-10-12
Cuba,CUB,AMR,2016,NA,NA,2023-10-12
Cuba,CUB,AMR,2017,NA,NA,2023-10-12
Cuba,CUB,AMR,2018,NA,NA,2023-10-12
Cuba,CUB,AMR,2019,NA,NA,2023-10-12
Cuba,CUB,AMR,2020,NA,NA,2023-10-12
Cuba,CUB,AMR,2021,NA,NA,2023-10-12
Curaçao,CUW,AMR,2015,NA,NA,2023-10-12
Curaçao,CUW,AMR,2016,NA,NA,2023-10-12
Curaçao,CUW,AMR,2017,NA,NA,2023-10-12
Curaçao,CUW,AMR,2018,NA,NA,2023-10-12
Curaçao,CUW,AMR,2019,NA,NA,2023-10-12
Curaçao,CUW,AMR,2020,NA,NA,2023-10-12
Curaçao,CUW,AMR,2021,NA,NA,2023-10-12
Cyprus,CYP,EUR,2015,NA,NA,2023-10-12
Cyprus,CYP,EUR,2016,NA,NA,2023-10-12
Cyprus,CYP,EUR,2017,NA,NA,2023-10-12
Cyprus,CYP,EUR,2018,NA,NA,2023-10-12
Cyprus,CYP,EUR,2019,NA,NA,2023-10-12
Cyprus,CYP,EUR,2020,NA,NA,2023-10-12
Cyprus,CYP,EUR,2021,NA,NA,2023-10-12
Czechia,CZE,EUR,2015,NA,NA,2023-10-12
Czechia,CZE,EUR,2016,NA,NA,2023-10-12
Czechia,CZE,EUR,2017,NA,NA,2023-10-12
Czechia,CZE,EUR,2018,NA,NA,2023-10-12
Czechia,CZE,EUR,2019,NA,NA,2023-10-12
Czechia,CZE,EUR,2020,NA,NA,2023-10-12
Czechia,CZE,EUR,2021,NA,NA,2023-10-12
Democratic People's Republic of Korea,PRK,SEA,2015,NA,NA,2023-10-12
Democratic People's Republic of Korea,PRK,SEA,2016,NA,NA,2023-10-12
Democratic People's Republic of Korea,PRK,SEA,2017,NA,NA,2023-10-12
Democratic People's Republic of Korea,PRK,SEA,2018,NA,NA,2023-10-12
Democratic People's Republic of Korea,PRK,SEA,2019,NA,NA,2023-10-12
Democratic People's Republic of Korea,PRK,SEA,2020,NA,NA,2023-10-12
Democratic People's Republic of Korea,PRK,SEA,2021,NA,NA,2023-10-12
Democratic Republic of the Congo,COD,AFR,2015,NA,NA,2023-10-12
Democratic Republic of the Congo,COD,AFR,2016,NA,NA,2023-10-12
Democratic Republic of the Congo,COD,AFR,2017,NA,NA,2023-10-12
Democratic Republic of the Congo,COD,AFR,2018,NA,NA,2023-10-12
Democratic Republic of the Congo,COD,AFR,2019,NA,NA,2023-10-12
Democratic Republic of the Congo,COD,AFR,2020,NA,NA,2023-10-12
Democratic Republic of the Congo,COD,AFR,2021,NA,NA,2023-10-12
Denmark,DNK,EUR,2015,NA,NA,2023-10-12
Denmark,DNK,EUR,2016,NA,NA,2023-10-12
Denmark,DNK,EUR,2017,NA,NA,2023-10-12
Denmark,DNK,EUR,2018,NA,NA,2023-10-12
Denmark,DNK,EUR,2019,NA,NA,2023-10-12
Denmark,DNK,EUR,2020,NA,NA,2023-10-12
Denmark,DNK,EUR,2021,NA,NA,2023-10-12
Djibouti,DJI,EMR,2015,NA,NA,2023-10-12
Djibouti,DJI,EMR,2016,NA,NA,2023-10-12
Djibouti,DJI,EMR,2017,NA,NA,2023-10-12
Djibouti,DJI,EMR,2018,NA,NA,2023-10-12
Djibouti,DJI,EMR,2019,NA,NA,2023-10-12
Djibouti,DJI,EMR,2020,NA,NA,2023-10-12
Djibouti,DJI,EMR,2021,NA,NA,2023-10-12
Dominica,DMA,AMR,2015,NA,NA,2023-10-12
Dominica,DMA,AMR,2016,NA,NA,2023-10-12
Dominica,DMA,AMR,2017,NA,NA,2023-10-12
Dominica,DMA,AMR,2018,NA,NA,2023-10-12
Dominica,DMA,AMR,2019,NA,NA,2023-10-12
Dominica,DMA,AMR,2020,NA,NA,2023-10-12
Dominica,DMA,AMR,2021,NA,NA,2023-10-12
Dominican Republic,DOM,AMR,2015,NA,NA,2023-10-12
Dominican Republic,DOM,AMR,2016,NA,NA,2023-10-12
Dominican Republic,DOM,AMR,2017,NA,NA,2023-10-12
Dominican Republic,DOM,AMR,2018,NA,NA,2023-10-12
Dominican Republic,DOM,AMR,2019,NA,NA,2023-10-12
Dominican Republic,DOM,AMR,2020,NA,NA,2023-10-12
Dominican Republic,DOM,AMR,2021,NA,NA,2023-10-12
Ecuador,ECU,AMR,2015,NA,NA,2023-10-12
Ecuador,ECU,AMR,2016,NA,NA,2023-10-12
Ecuador,ECU,AMR,2017,NA,NA,2023-10-12
Ecuador,ECU,AMR,2018,NA,NA,2023-10-12
Ecuador,ECU,AMR,2019,NA,NA,2023-10-12
Ecuador,ECU,AMR,2020,NA,NA,2023-10-12
Ecuador,ECU,AMR,2021,NA,NA,2023-10-12
Egypt,EGY,EMR,2015,NA,NA,2023-10-12
Egypt,EGY,EMR,2016,NA,NA,2023-10-12
Egypt,EGY,EMR,2017,NA,NA,2023-10-12
Egypt,EGY,EMR,2018,NA,NA,2023-10-12
Egypt,EGY,EMR,2019,NA,NA,2023-10-12
Egypt,EGY,EMR,2020,NA,NA,2023-10-12
Egypt,EGY,EMR,2021,NA,NA,2023-10-12
El Salvador,SLV,AMR,2015,NA,NA,2023-10-12
El Salvador,SLV,AMR,2016,NA,NA,2023-10-12
El Salvador,SLV,AMR,2017,NA,NA,2023-10-12
El Salvador,SLV,AMR,2018,NA,NA,2023-10-12
El Salvador,SLV,AMR,2019,NA,NA,2023-10-12
El Salvador,SLV,AMR,2020,NA,NA,2023-10-12
El Salvador,SLV,AMR,2021,NA,NA,2023-10-12
Equatorial Guinea,GNQ,AFR,2015,NA,NA,2023-10-12
Equatorial Guinea,GNQ,AFR,2016,NA,NA,2023-10-12
Equatorial Guinea,GNQ,AFR,2017,NA,NA,2023-10-12
Equatorial Guinea,GNQ,AFR,2018,NA,NA,2023-10-12
Equatorial Guinea,GNQ,AFR,2019,NA,NA,2023-10-12
Equatorial Guinea,GNQ,AFR,2020,NA,NA,2023-10-12
Equatorial Guinea,GNQ,AFR,2021,NA,NA,2023-10-12
Eritrea,ERI,AFR,2015,NA,NA,2023-10-12
Eritrea,ERI,AFR,2016,NA,NA,2023-10-12
Eritrea,ERI,AFR,2017,NA,NA,2023-10-12
Eritrea,ERI,AFR,2018,NA,NA,2023-10-12
Eritrea,ERI,AFR,2019,NA,NA,2023-10-12
Eritrea,ERI,AFR,2020,NA,NA,2023-10-12
Eritrea,ERI,AFR,2021,NA,NA,2023-10-12
Estonia,EST,EUR,2015,NA,NA,2023-10-12
Estonia,EST,EUR,2016,NA,NA,2023-10-12
Estonia,EST,EUR,2017,NA,NA,2023-10-12
Estonia,EST,EUR,2018,NA,NA,2023-10-12
Estonia,EST,EUR,2019,NA,NA,2023-10-12
Estonia,EST,EUR,2020,NA,NA,2023-10-12
Estonia,EST,EUR,2021,NA,NA,2023-10-12
Eswatini,SWZ,AFR,2015,NA,NA,2023-10-12
Eswatini,SWZ,AFR,2016,NA,NA,2023-10-12
Eswatini,SWZ,AFR,2017,NA,NA,2023-10-12
Eswatini,SWZ,AFR,2018,NA,NA,2023-10-12
Eswatini,SWZ,AFR,2019,NA,NA,2023-10-12
Eswatini,SWZ,AFR,2020,NA,NA,2023-10-12
Eswatini,SWZ,AFR,2021,NA,NA,2023-10-12
Ethiopia,ETH,AFR,2015,NA,NA,2023-10-12
Ethiopia,ETH,AFR,2016,NA,NA,2023-10-12
Ethiopia,ETH,AFR,2017,NA,NA,2023-10-12
Ethiopia,ETH,AFR,2018,NA,NA,2023-10-12
Ethiopia,ETH,AFR,2019,NA,NA,2023-10-12
Ethiopia,ETH,AFR,2020,NA,NA,2023-10-12
Ethiopia,ETH,AFR,2021,NA,NA,2023-10-12
Fiji,FJI,WPR,2015,NA,NA,2023-10-12
Fiji,FJI,WPR,2016,NA,NA,2023-10-12
Fiji,FJI,WPR,2017,NA,NA,2023-10-12
Fiji,FJI,WPR,2018,NA,NA,2023-10-12
Fiji,FJI,WPR,2019,NA,NA,2023-10-12
Fiji,FJI,WPR,2020,NA,NA,2023-10-12
Fiji,FJI,WPR,2021,NA,NA,2023-10-12
Finland,FIN,EUR,2015,NA,NA,2023-10-12
Finland,FIN,EUR,2016,NA,NA,2023-10-12
Finland,FIN,EUR,2017,NA,NA,2023-10-12
Finland,FIN,EUR,2018,NA,NA,2023-10-12
Finland,FIN,EUR,2019,NA,NA,2023-10-12
Finland,FIN,EUR,2020,NA,NA,2023-10-12
Finland,FIN,EUR,2021,NA,NA,2023-10-12
France,FRA,EUR,2015,NA,NA,2023-10-12
France,FRA,EUR,2016,NA,NA,2023-10-12
France,FRA,EUR,2017,NA,NA,2023-10-12
France,FRA,EUR,2018,NA,NA,2023-10-12
France,FRA,EUR,2019,NA,NA,2023-10-12
France,FRA,EUR,2020,NA,NA,2023-10-12
France,FRA,EUR,2021,NA,NA,2023-10-12
French Polynesia,PYF,WPR,2015,NA,NA,2023-10-12
French Polynesia,PYF,WPR,2016,NA,NA,2023-10-12
French Polynesia,PYF,WPR,2017,NA,NA,2023-10-12
French Polynesia,PYF,WPR,2018,NA,NA,2023-10-12
French Polynesia,PYF,WPR,2019,NA,NA,2023-10-12
French Polynesia,PYF,WPR,2020,NA,NA,2023-10-12
French Polynesia,PYF,WPR,2021,NA,NA,2023-10-12
Gabon,GAB,AFR,2015,NA,NA,2023-10-12
Gabon,GAB,AFR,2016,NA,NA,2023-10-12
Gabon,GAB,AFR,2017,NA,NA,2023-10-12
Gabon,GAB,AFR,2018,NA,NA,2023-10-12
Gabon,GAB,AFR,2019,NA,NA,2023-10-12
Gabon,GAB,AFR,2020,NA,69,2023-10-12
Gabon,GAB,AFR,2021,NA,NA,2023-10-12
Gambia,GMB,AFR,2015,NA,NA,2023-10-12
Gambia,GMB,AFR,2016,NA,NA,2023-10-12
Gambia,GMB,AFR,2017,NA,NA,2023-10-12
Gambia,GMB,AFR,2018,NA,NA,2023-10-12
Gambia,GMB,AFR,2019,NA,NA,2023-10-12
Gambia,GMB,AFR,2020,NA,NA,2023-10-12
Gambia,GMB,AFR,2021,NA,NA,2023-10-12
Georgia,GEO,EUR,2015,NA,NA,2023-10-12
Georgia,GEO,EUR,2016,NA,NA,2023-10-12
Georgia,GEO,EUR,2017,NA,NA,2023-10-12
Georgia,GEO,EUR,2018,NA,NA,2023-10-12
Georgia,GEO,EUR,2019,NA,NA,2023-10-12
Georgia,GEO,EUR,2020,NA,NA,2023-10-12
Georgia,GEO,EUR,2021,NA,NA,2023-10-12
Germany,DEU,EUR,2015,NA,NA,2023-10-12
Germany,DEU,EUR,2016,NA,NA,2023-10-12
Germany,DEU,EUR,2017,NA,NA,2023-10-12
Germany,DEU,EUR,2018,NA,NA,2023-10-12
Germany,DEU,EUR,2019,NA,NA,2023-10-12
Germany,DEU,EUR,2020,NA,NA,2023-10-12
Germany,DEU,EUR,2021,NA,NA,2023-10-12
Ghana,GHA,AFR,2015,NA,NA,2023-10-12
Ghana,GHA,AFR,2016,NA,NA,2023-10-12
Ghana,GHA,AFR,2017,NA,NA,2023-10-12
Ghana,GHA,AFR,2018,NA,NA,2023-10-12
Ghana,GHA,AFR,2019,NA,NA,2023-10-12
Ghana,GHA,AFR,2020,NA,NA,2023-10-12
Ghana,GHA,AFR,2021,NA,NA,2023-10-12
Greece,GRC,EUR,2015,NA,NA,2023-10-12
Greece,GRC,EUR,2016,NA,NA,2023-10-12
Greece,GRC,EUR,2017,NA,NA,2023-10-12
Greece,GRC,EUR,2018,NA,NA,2023-10-12
Greece,GRC,EUR,2019,NA,NA,2023-10-12
Greece,GRC,EUR,2020,NA,NA,2023-10-12
Greece,GRC,EUR,2021,NA,NA,2023-10-12
Greenland,GRL,EUR,2015,NA,NA,2023-10-12
Greenland,GRL,EUR,2016,NA,NA,2023-10-12
Greenland,GRL,EUR,2017,NA,NA,2023-10-12
Greenland,GRL,EUR,2018,NA,NA,2023-10-12
Greenland,GRL,EUR,2019,NA,NA,2023-10-12
Greenland,GRL,EUR,2020,NA,NA,2023-10-12
Greenland,GRL,EUR,2021,NA,NA,2023-10-12
Grenada,GRD,AMR,2015,NA,NA,2023-10-12
Grenada,GRD,AMR,2016,NA,NA,2023-10-12
Grenada,GRD,AMR,2017,NA,NA,2023-10-12
Grenada,GRD,AMR,2018,NA,NA,2023-10-12
Grenada,GRD,AMR,2019,NA,NA,2023-10-12
Grenada,GRD,AMR,2020,NA,NA,2023-10-12
Grenada,GRD,AMR,2021,NA,NA,2023-10-12
Guam,GUM,WPR,2015,NA,NA,2023-10-12
Guam,GUM,WPR,2016,NA,NA,2023-10-12
Guam,GUM,WPR,2017,NA,NA,2023-10-12
Guam,GUM,WPR,2018,NA,NA,2023-10-12
Guam,GUM,WPR,2019,NA,NA,2023-10-12
Guam,GUM,WPR,2020,NA,NA,2023-10-12
Guam,GUM,WPR,2021,NA,NA,2023-10-12
Guatemala,GTM,AMR,2015,NA,NA,2023-10-12
Guatemala,GTM,AMR,2016,NA,NA,2023-10-12
Guatemala,GTM,AMR,2017,NA,NA,2023-10-12
Guatemala,GTM,AMR,2018,NA,NA,2023-10-12
Guatemala,GTM,AMR,2019,NA,NA,2023-10-12
Guatemala,GTM,AMR,2020,NA,NA,2023-10-12
Guatemala,GTM,AMR,2021,NA,NA,2023-10-12
Guinea,GIN,AFR,2015,NA,NA,2023-10-12
Guinea,GIN,AFR,2016,NA,NA,2023-10-12
Guinea,GIN,AFR,2017,NA,NA,2023-10-12
Guinea,GIN,AFR,2018,NA,NA,2023-10-12
Guinea,GIN,AFR,2019,NA,NA,2023-10-12
Guinea,GIN,AFR,2020,NA,NA,2023-10-12
Guinea,GIN,AFR,2021,NA,NA,2023-10-12
Guinea-Bissau,GNB,AFR,2015,NA,NA,2023-10-12
Guinea-Bissau,GNB,AFR,2016,NA,NA,2023-10-12
Guinea-Bissau,GNB,AFR,2017,NA,NA,2023-10-12
Guinea-Bissau,GNB,AFR,2018,NA,NA,2023-10-12
Guinea-Bissau,GNB,AFR,2019,NA,NA,2023-10-12
Guinea-Bissau,GNB,AFR,2020,NA,NA,2023-10-12
Guinea-Bissau,GNB,AFR,2021,NA,NA,2023-10-12
Guyana,GUY,AMR,2015,NA,NA,2023-10-12
Guyana,GUY,AMR,2016,NA,NA,2023-10-12
Guyana,GUY,AMR,2017,NA,NA,2023-10-12
Guyana,GUY,AMR,2018,NA,NA,2023-10-12
Guyana,GUY,AMR,2019,NA,NA,2023-10-12
Guyana,GUY,AMR,2020,NA,NA,2023-10-12
Guyana,GUY,AMR,2021,NA,NA,2023-10-12
Haiti,HTI,AMR,2015,NA,NA,2023-10-12
Haiti,HTI,AMR,2016,NA,NA,2023-10-12
Haiti,HTI,AMR,2017,NA,NA,2023-10-12
Haiti,HTI,AMR,2018,NA,NA,2023-10-12
Haiti,HTI,AMR,2019,NA,NA,2023-10-12
Haiti,HTI,AMR,2020,NA,NA,2023-10-12
Haiti,HTI,AMR,2021,NA,NA,2023-10-12
Honduras,HND,AMR,2015,NA,NA,2023-10-12
Honduras,HND,AMR,2016,NA,NA,2023-10-12
Honduras,HND,AMR,2017,NA,NA,2023-10-12
Honduras,HND,AMR,2018,NA,NA,2023-10-12
Honduras,HND,AMR,2019,NA,NA,2023-10-12
Honduras,HND,AMR,2020,NA,NA,2023-10-12
Honduras,HND,AMR,2021,NA,NA,2023-10-12
Hungary,HUN,EUR,2015,NA,NA,2023-10-12
Hungary,HUN,EUR,2016,NA,NA,2023-10-12
Hungary,HUN,EUR,2017,NA,NA,2023-10-12
Hungary,HUN,EUR,2018,NA,NA,2023-10-12
Hungary,HUN,EUR,2019,NA,NA,2023-10-12
Hungary,HUN,EUR,2020,NA,NA,2023-10-12
Hungary,HUN,EUR,2021,NA,NA,2023-10-12
Iceland,ISL,EUR,2015,NA,NA,2023-10-12
Iceland,ISL,EUR,2016,NA,NA,2023-10-12
Iceland,ISL,EUR,2017,NA,NA,2023-10-12
Iceland,ISL,EUR,2018,NA,NA,2023-10-12
Iceland,ISL,EUR,2019,NA,NA,2023-10-12
Iceland,ISL,EUR,2020,NA,NA,2023-10-12
Iceland,ISL,EUR,2021,NA,NA,2023-10-12
India,IND,SEA,2015,NA,NA,2023-10-12
India,IND,SEA,2016,NA,NA,2023-10-12
India,IND,SEA,2017,NA,NA,2023-10-12
India,IND,SEA,2018,NA,NA,2023-10-12
India,IND,SEA,2019,NA,NA,2023-10-12
India,IND,SEA,2020,NA,NA,2023-10-12
India,IND,SEA,2021,NA,NA,2023-10-12
Indonesia,IDN,SEA,2015,NA,NA,2023-10-12
Indonesia,IDN,SEA,2016,NA,NA,2023-10-12
Indonesia,IDN,SEA,2017,NA,NA,2023-10-12
Indonesia,IDN,SEA,2018,NA,NA,2023-10-12
Indonesia,IDN,SEA,2019,NA,NA,2023-10-12
Indonesia,IDN,SEA,2020,NA,NA,2023-10-12
Indonesia,IDN,SEA,2021,NA,NA,2023-10-12
Iran (Islamic Republic of),IRN,EMR,2015,NA,NA,2023-10-12
Iran (Islamic Republic of),IRN,EMR,2016,NA,NA,2023-10-12
Iran (Islamic Republic of),IRN,EMR,2017,NA,NA,2023-10-12
Iran (Islamic Republic of),IRN,EMR,2018,NA,NA,2023-10-12
Iran (Islamic Republic of),IRN,EMR,2019,NA,NA,2023-10-12
Iran (Islamic Republic of),IRN,EMR,2020,NA,NA,2023-10-12
Iran (Islamic Republic of),IRN,EMR,2021,NA,NA,2023-10-12
Iraq,IRQ,EMR,2015,NA,NA,2023-10-12
Iraq,IRQ,EMR,2016,NA,NA,2023-10-12
Iraq,IRQ,EMR,2017,NA,NA,2023-10-12
Iraq,IRQ,EMR,2018,NA,NA,2023-10-12
Iraq,IRQ,EMR,2019,NA,NA,2023-10-12
Iraq,IRQ,EMR,2020,NA,NA,2023-10-12
Iraq,IRQ,EMR,2021,NA,NA,2023-10-12
Ireland,IRL,EUR,2015,NA,NA,2023-10-12
Ireland,IRL,EUR,2016,NA,NA,2023-10-12
Ireland,IRL,EUR,2017,NA,NA,2023-10-12
Ireland,IRL,EUR,2018,NA,NA,2023-10-12
Ireland,IRL,EUR,2019,NA,NA,2023-10-12
Ireland,IRL,EUR,2020,NA,NA,2023-10-12
Ireland,IRL,EUR,2021,NA,NA,2023-10-12
Israel,ISR,EUR,2015,NA,NA,2023-10-12
Israel,ISR,EUR,2016,NA,NA,2023-10-12
Israel,ISR,EUR,2017,NA,NA,2023-10-12
Israel,ISR,EUR,2018,NA,NA,2023-10-12
Israel,ISR,EUR,2019,NA,NA,2023-10-12
Israel,ISR,EUR,2020,NA,NA,2023-10-12
Israel,ISR,EUR,2021,NA,NA,2023-10-12
Italy,ITA,EUR,2015,NA,NA,2023-10-12
Italy,ITA,EUR,2016,NA,NA,2023-10-12
Italy,ITA,EUR,2017,NA,NA,2023-10-12
Italy,ITA,EUR,2018,NA,NA,2023-10-12
Italy,ITA,EUR,2019,NA,NA,2023-10-12
Italy,ITA,EUR,2020,NA,NA,2023-10-12
Italy,ITA,EUR,2021,NA,NA,2023-10-12
Jamaica,JAM,AMR,2015,NA,NA,2023-10-12
Jamaica,JAM,AMR,2016,NA,NA,2023-10-12
Jamaica,JAM,AMR,2017,NA,NA,2023-10-12
Jamaica,JAM,AMR,2018,NA,NA,2023-10-12
Jamaica,JAM,AMR,2019,NA,NA,2023-10-12
Jamaica,JAM,AMR,2020,NA,NA,2023-10-12
Jamaica,JAM,AMR,2021,NA,NA,2023-10-12
Japan,JPN,WPR,2015,NA,NA,2023-10-12
Japan,JPN,WPR,2016,NA,NA,2023-10-12
Japan,JPN,WPR,2017,NA,NA,2023-10-12
Japan,JPN,WPR,2018,NA,NA,2023-10-12
Japan,JPN,WPR,2019,NA,NA,2023-10-12
Japan,JPN,WPR,2020,NA,NA,2023-10-12
Japan,JPN,WPR,2021,NA,NA,2023-10-12
Jordan,JOR,EMR,2015,NA,NA,2023-10-12
Jordan,JOR,EMR,2016,NA,NA,2023-10-12
Jordan,JOR,EMR,2017,NA,NA,2023-10-12
Jordan,JOR,EMR,2018,NA,NA,2023-10-12
Jordan,JOR,EMR,2019,NA,NA,2023-10-12
Jordan,JOR,EMR,2020,NA,NA,2023-10-12
Jordan,JOR,EMR,2021,NA,NA,2023-10-12
Kazakhstan,KAZ,EUR,2015,NA,NA,2023-10-12
Kazakhstan,KAZ,EUR,2016,NA,NA,2023-10-12
Kazakhstan,KAZ,EUR,2017,NA,NA,2023-10-12
Kazakhstan,KAZ,EUR,2018,NA,NA,2023-10-12
Kazakhstan,KAZ,EUR,2019,NA,NA,2023-10-12
Kazakhstan,KAZ,EUR,2020,NA,NA,2023-10-12
Kazakhstan,KAZ,EUR,2021,NA,NA,2023-10-12
Kenya,KEN,AFR,2015,NA,NA,2023-10-12
Kenya,KEN,AFR,2016,NA,NA,2023-10-12
Kenya,KEN,AFR,2017,NA,NA,2023-10-12
Kenya,KEN,AFR,2018,NA,NA,2023-10-12
Kenya,KEN,AFR,2019,NA,NA,2023-10-12
Kenya,KEN,AFR,2020,NA,NA,2023-10-12
Kenya,KEN,AFR,2021,NA,NA,2023-10-12
Kiribati,KIR,WPR,2015,NA,NA,2023-10-12
Kiribati,KIR,WPR,2016,NA,NA,2023-10-12
Kiribati,KIR,WPR,2017,NA,NA,2023-10-12
Kiribati,KIR,WPR,2018,NA,NA,2023-10-12
Kiribati,KIR,WPR,2019,NA,NA,2023-10-12
Kiribati,KIR,WPR,2020,NA,NA,2023-10-12
Kiribati,KIR,WPR,2021,NA,NA,2023-10-12
Kuwait,KWT,EMR,2015,NA,NA,2023-10-12
Kuwait,KWT,EMR,2016,NA,NA,2023-10-12
Kuwait,KWT,EMR,2017,NA,NA,2023-10-12
Kuwait,KWT,EMR,2018,NA,NA,2023-10-12
Kuwait,KWT,EMR,2019,NA,NA,2023-10-12
Kuwait,KWT,EMR,2020,NA,NA,2023-10-12
Kuwait,KWT,EMR,2021,NA,NA,2023-10-12
Kyrgyzstan,KGZ,EUR,2015,NA,NA,2023-10-12
Kyrgyzstan,KGZ,EUR,2016,NA,NA,2023-10-12
Kyrgyzstan,KGZ,EUR,2017,NA,NA,2023-10-12
Kyrgyzstan,KGZ,EUR,2018,NA,NA,2023-10-12
Kyrgyzstan,KGZ,EUR,2019,NA,NA,2023-10-12
Kyrgyzstan,KGZ,EUR,2020,NA,NA,2023-10-12
Kyrgyzstan,KGZ,EUR,2021,NA,NA,2023-10-12
Lao People's Democratic Republic,LAO,WPR,2015,NA,NA,2023-10-12
Lao People's Democratic Republic,LAO,WPR,2016,NA,NA,2023-10-12
Lao People's Democratic Republic,LAO,WPR,2017,NA,NA,2023-10-12
Lao People's Democratic Republic,LAO,WPR,2018,NA,NA,2023-10-12
Lao People's Democratic Republic,LAO,WPR,2019,NA,NA,2023-10-12
Lao People's Democratic Republic,LAO,WPR,2020,NA,NA,2023-10-12
Lao People's Democratic Republic,LAO,WPR,2021,NA,NA,2023-10-12
Latvia,LVA,EUR,2015,NA,NA,2023-10-12
Latvia,LVA,EUR,2016,NA,NA,2023-10-12
Latvia,LVA,EUR,2017,NA,NA,2023-10-12
Latvia,LVA,EUR,2018,NA,NA,2023-10-12
Latvia,LVA,EUR,2019,NA,NA,2023-10-12
Latvia,LVA,EUR,2020,NA,NA,2023-10-12
Latvia,LVA,EUR,2021,NA,NA,2023-10-12
Lebanon,LBN,EMR,2015,NA,NA,2023-10-12
Lebanon,LBN,EMR,2016,NA,NA,2023-10-12
Lebanon,LBN,EMR,2017,NA,NA,2023-10-12
Lebanon,LBN,EMR,2018,NA,NA,2023-10-12
Lebanon,LBN,EMR,2019,NA,NA,2023-10-12
Lebanon,LBN,EMR,2020,NA,NA,2023-10-12
Lebanon,LBN,EMR,2021,NA,NA,2023-10-12
Lesotho,LSO,AFR,2015,NA,NA,2023-10-12
Lesotho,LSO,AFR,2016,NA,NA,2023-10-12
Lesotho,LSO,AFR,2017,NA,NA,2023-10-12
Lesotho,LSO,AFR,2018,NA,NA,2023-10-12
Lesotho,LSO,AFR,2019,NA,NA,2023-10-12
Lesotho,LSO,AFR,2020,NA,NA,2023-10-12
Lesotho,LSO,AFR,2021,NA,NA,2023-10-12
Liberia,LBR,AFR,2015,NA,NA,2023-10-12
Liberia,LBR,AFR,2016,NA,NA,2023-10-12
Liberia,LBR,AFR,2017,NA,NA,2023-10-12
Liberia,LBR,AFR,2018,NA,NA,2023-10-12
Liberia,LBR,AFR,2019,NA,NA,2023-10-12
Liberia,LBR,AFR,2020,NA,NA,2023-10-12
Liberia,LBR,AFR,2021,NA,NA,2023-10-12
Libya,LBY,EMR,2015,NA,NA,2023-10-12
Libya,LBY,EMR,2016,NA,NA,2023-10-12
Libya,LBY,EMR,2017,NA,NA,2023-10-12
Libya,LBY,EMR,2018,NA,NA,2023-10-12
Libya,LBY,EMR,2019,NA,370,2023-10-12
Libya,LBY,EMR,2020,NA,NA,2023-10-12
Libya,LBY,EMR,2021,NA,NA,2023-10-12
Lithuania,LTU,EUR,2015,NA,NA,2023-10-12
Lithuania,LTU,EUR,2016,NA,NA,2023-10-12
Lithuania,LTU,EUR,2017,NA,NA,2023-10-12
Lithuania,LTU,EUR,2018,NA,NA,2023-10-12
Lithuania,LTU,EUR,2019,NA,NA,2023-10-12
Lithuania,LTU,EUR,2020,NA,NA,2023-10-12
Lithuania,LTU,EUR,2021,NA,NA,2023-10-12
Luxembourg,LUX,EUR,2015,NA,NA,2023-10-12
Luxembourg,LUX,EUR,2016,NA,NA,2023-10-12
Luxembourg,LUX,EUR,2017,NA,NA,2023-10-12
Luxembourg,LUX,EUR,2018,NA,NA,2023-10-12
Luxembourg,LUX,EUR,2019,NA,NA,2023-10-12
Luxembourg,LUX,EUR,2020,NA,NA,2023-10-12
Luxembourg,LUX,EUR,2021,NA,NA,2023-10-12
Madagascar,MDG,AFR,2015,NA,NA,2023-10-12
Madagascar,MDG,AFR,2016,NA,NA,2023-10-12
Madagascar,MDG,AFR,2017,NA,NA,2023-10-12
Madagascar,MDG,AFR,2018,NA,NA,2023-10-12
Madagascar,MDG,AFR,2019,NA,NA,2023-10-12
Madagascar,MDG,AFR,2020,NA,NA,2023-10-12
Madagascar,MDG,AFR,2021,NA,NA,2023-10-12
Malawi,MWI,AFR,2015,NA,NA,2023-10-12
Malawi,MWI,AFR,2016,NA,NA,2023-10-12
Malawi,MWI,AFR,2017,NA,NA,2023-10-12
Malawi,MWI,AFR,2018,NA,NA,2023-10-12
Malawi,MWI,AFR,2019,NA,NA,2023-10-12
Malawi,MWI,AFR,2020,NA,NA,2023-10-12
Malawi,MWI,AFR,2021,NA,NA,2023-10-12
Malaysia,MYS,WPR,2015,NA,NA,2023-10-12
Malaysia,MYS,WPR,2016,NA,NA,2023-10-12
Malaysia,MYS,WPR,2017,NA,NA,2023-10-12
Malaysia,MYS,WPR,2018,NA,NA,2023-10-12
Malaysia,MYS,WPR,2019,NA,NA,2023-10-12
Malaysia,MYS,WPR,2020,NA,NA,2023-10-12
Malaysia,MYS,WPR,2021,NA,NA,2023-10-12
Maldives,MDV,SEA,2015,NA,NA,2023-10-12
Maldives,MDV,SEA,2016,NA,NA,2023-10-12
Maldives,MDV,SEA,2017,NA,NA,2023-10-12
Maldives,MDV,SEA,2018,NA,NA,2023-10-12
Maldives,MDV,SEA,2019,NA,NA,2023-10-12
Maldives,MDV,SEA,2020,NA,NA,2023-10-12
Maldives,MDV,SEA,2021,NA,NA,2023-10-12
Mali,MLI,AFR,2015,NA,NA,2023-10-12
Mali,MLI,AFR,2016,NA,NA,2023-10-12
Mali,MLI,AFR,2017,NA,NA,2023-10-12
Mali,MLI,AFR,2018,NA,NA,2023-10-12
Mali,MLI,AFR,2019,NA,NA,2023-10-12
Mali,MLI,AFR,2020,NA,NA,2023-10-12
Mali,MLI,AFR,2021,NA,NA,2023-10-12
Malta,MLT,EUR,2015,NA,NA,2023-10-12
Malta,MLT,EUR,2016,NA,NA,2023-10-12
Malta,MLT,EUR,2017,NA,NA,2023-10-12
Malta,MLT,EUR,2018,NA,NA,2023-10-12
Malta,MLT,EUR,2019,NA,NA,2023-10-12
Malta,MLT,EUR,2020,NA,NA,2023-10-12
Malta,MLT,EUR,2021,NA,NA,2023-10-12
Marshall Islands,MHL,WPR,2015,NA,NA,2023-10-12
Marshall Islands,MHL,WPR,2016,NA,NA,2023-10-12
Marshall Islands,MHL,WPR,2017,NA,NA,2023-10-12
Marshall Islands,MHL,WPR,2018,NA,NA,2023-10-12
Marshall Islands,MHL,WPR,2019,NA,NA,2023-10-12
Marshall Islands,MHL,WPR,2020,NA,NA,2023-10-12
Marshall Islands,MHL,WPR,2021,NA,NA,2023-10-12
Mauritania,MRT,AFR,2015,NA,NA,2023-10-12
Mauritania,MRT,AFR,2016,NA,NA,2023-10-12
Mauritania,MRT,AFR,2017,NA,NA,2023-10-12
Mauritania,MRT,AFR,2018,NA,NA,2023-10-12
Mauritania,MRT,AFR,2019,NA,NA,2023-10-12
Mauritania,MRT,AFR,2020,NA,NA,2023-10-12
Mauritania,MRT,AFR,2021,NA,NA,2023-10-12
Mauritius,MUS,AFR,2015,NA,NA,2023-10-12
Mauritius,MUS,AFR,2016,NA,NA,2023-10-12
Mauritius,MUS,AFR,2017,NA,NA,2023-10-12
Mauritius,MUS,AFR,2018,NA,NA,2023-10-12
Mauritius,MUS,AFR,2019,NA,111,2023-10-12
Mauritius,MUS,AFR,2020,NA,85,2023-10-12
Mauritius,MUS,AFR,2021,NA,86,2023-10-12
Mexico,MEX,AMR,2015,NA,NA,2023-10-12
Mexico,MEX,AMR,2016,NA,NA,2023-10-12
Mexico,MEX,AMR,2017,NA,NA,2023-10-12
Mexico,MEX,AMR,2018,NA,NA,2023-10-12
Mexico,MEX,AMR,2019,NA,NA,2023-10-12
Mexico,MEX,AMR,2020,NA,NA,2023-10-12
Mexico,MEX,AMR,2021,NA,NA,2023-10-12
Micronesia (Federated States of),FSM,WPR,2015,NA,NA,2023-10-12
Micronesia (Federated States of),FSM,WPR,2016,NA,NA,2023-10-12
Micronesia (Federated States of),FSM,WPR,2017,NA,NA,2023-10-12
Micronesia (Federated States of),FSM,WPR,2018,NA,NA,2023-10-12
Micronesia (Federated States of),FSM,WPR,2019,NA,NA,2023-10-12
Micronesia (Federated States of),FSM,WPR,2020,NA,NA,2023-10-12
Micronesia (Federated States of),FSM,WPR,2021,NA,NA,2023-10-12
Monaco,MCO,EUR,2015,NA,NA,2023-10-12
Monaco,MCO,EUR,2016,NA,NA,2023-10-12
Monaco,MCO,EUR,2017,NA,NA,2023-10-12
Monaco,MCO,EUR,2018,NA,NA,2023-10-12
Monaco,MCO,EUR,2019,NA,NA,2023-10-12
Monaco,MCO,EUR,2020,NA,NA,2023-10-12
Monaco,MCO,EUR,2021,NA,NA,2023-10-12
Mongolia,MNG,WPR,2015,NA,NA,2023-10-12
Mongolia,MNG,WPR,2016,NA,NA,2023-10-12
Mongolia,MNG,WPR,2017,NA,NA,2023-10-12
Mongolia,MNG,WPR,2018,NA,NA,2023-10-12
Mongolia,MNG,WPR,2019,NA,NA,2023-10-12
Mongolia,MNG,WPR,2020,NA,NA,2023-10-12
Mongolia,MNG,WPR,2021,NA,NA,2023-10-12
Montenegro,MNE,EUR,2015,NA,NA,2023-10-12
Montenegro,MNE,EUR,2016,NA,NA,2023-10-12
Montenegro,MNE,EUR,2017,NA,NA,2023-10-12
Montenegro,MNE,EUR,2018,NA,NA,2023-10-12
Montenegro,MNE,EUR,2019,NA,NA,2023-10-12
Montenegro,MNE,EUR,2020,NA,NA,2023-10-12
Montenegro,MNE,EUR,2021,NA,NA,2023-10-12
Montserrat,MSR,AMR,2015,NA,NA,2023-10-12
Montserrat,MSR,AMR,2016,NA,NA,2023-10-12
Montserrat,MSR,AMR,2017,NA,NA,2023-10-12
Montserrat,MSR,AMR,2018,NA,NA,2023-10-12
Montserrat,MSR,AMR,2019,NA,NA,2023-10-12
Montserrat,MSR,AMR,2020,NA,NA,2023-10-12
Montserrat,MSR,AMR,2021,NA,NA,2023-10-12
Morocco,MAR,EMR,2015,NA,NA,2023-10-12
Morocco,MAR,EMR,2016,NA,NA,2023-10-12
Morocco,MAR,EMR,2017,NA,NA,2023-10-12
Morocco,MAR,EMR,2018,NA,NA,2023-10-12
Morocco,MAR,EMR,2019,NA,NA,2023-10-12
Morocco,MAR,EMR,2020,NA,NA,2023-10-12
Morocco,MAR,EMR,2021,NA,NA,2023-10-12
Mozambique,MOZ,AFR,2015,NA,NA,2023-10-12
Mozambique,MOZ,AFR,2016,NA,NA,2023-10-12
Mozambique,MOZ,AFR,2017,NA,NA,2023-10-12
Mozambique,MOZ,AFR,2018,NA,NA,2023-10-12
Mozambique,MOZ,AFR,2019,NA,NA,2023-10-12
Mozambique,MOZ,AFR,2020,NA,NA,2023-10-12
Mozambique,MOZ,AFR,2021,NA,NA,2023-10-12
Myanmar,MMR,SEA,2015,NA,NA,2023-10-12
Myanmar,MMR,SEA,2016,NA,NA,2023-10-12
Myanmar,MMR,SEA,2017,NA,NA,2023-10-12
Myanmar,MMR,SEA,2018,NA,NA,2023-10-12
Myanmar,MMR,SEA,2019,NA,NA,2023-10-12
Myanmar,MMR,SEA,2020,NA,NA,2023-10-12
Myanmar,MMR,SEA,2021,NA,NA,2023-10-12
Namibia,NAM,AFR,2015,NA,NA,2023-10-12
Namibia,NAM,AFR,2016,NA,NA,2023-10-12
Namibia,NAM,AFR,2017,NA,NA,2023-10-12
Namibia,NAM,AFR,2018,NA,NA,2023-10-12
Namibia,NAM,AFR,2019,NA,NA,2023-10-12
Namibia,NAM,AFR,2020,NA,NA,2023-10-12
Namibia,NAM,AFR,2021,NA,NA,2023-10-12
Nauru,NRU,WPR,2015,NA,NA,2023-10-12
Nauru,NRU,WPR,2016,NA,NA,2023-10-12
Nauru,NRU,WPR,2017,NA,NA,2023-10-12
Nauru,NRU,WPR,2018,NA,NA,2023-10-12
Nauru,NRU,WPR,2019,NA,NA,2023-10-12
Nauru,NRU,WPR,2020,NA,13,2023-10-12
Nauru,NRU,WPR,2021,NA,NA,2023-10-12
Nepal,NPL,SEA,2015,NA,NA,2023-10-12
Nepal,NPL,SEA,2016,NA,NA,2023-10-12
Nepal,NPL,SEA,2017,NA,NA,2023-10-12
Nepal,NPL,SEA,2018,NA,NA,2023-10-12
Nepal,NPL,SEA,2019,NA,NA,2023-10-12
Nepal,NPL,SEA,2020,NA,NA,2023-10-12
Nepal,NPL,SEA,2021,NA,NA,2023-10-12
Netherlands (Kingdom of the),NLD,EUR,2015,NA,NA,2023-10-12
Netherlands (Kingdom of the),NLD,EUR,2016,NA,NA,2023-10-12
Netherlands (Kingdom of the),NLD,EUR,2017,NA,NA,2023-10-12
Netherlands (Kingdom of the),NLD,EUR,2018,NA,NA,2023-10-12
Netherlands (Kingdom of the),NLD,EUR,2019,NA,NA,2023-10-12
Netherlands (Kingdom of the),NLD,EUR,2020,NA,NA,2023-10-12
Netherlands (Kingdom of the),NLD,EUR,2021,NA,NA,2023-10-12
New Caledonia,NCL,WPR,2015,NA,NA,2023-10-12
New Caledonia,NCL,WPR,2016,NA,NA,2023-10-12
New Caledonia,NCL,WPR,2017,NA,NA,2023-10-12
New Caledonia,NCL,WPR,2018,NA,NA,2023-10-12
New Caledonia,NCL,WPR,2019,NA,NA,2023-10-12
New Caledonia,NCL,WPR,2020,NA,NA,2023-10-12
New Caledonia,NCL,WPR,2021,NA,NA,2023-10-12
New Zealand,NZL,WPR,2015,NA,NA,2023-10-12
New Zealand,NZL,WPR,2016,NA,NA,2023-10-12
New Zealand,NZL,WPR,2017,NA,NA,2023-10-12
New Zealand,NZL,WPR,2018,NA,NA,2023-10-12
New Zealand,NZL,WPR,2019,NA,NA,2023-10-12
New Zealand,NZL,WPR,2020,NA,NA,2023-10-12
New Zealand,NZL,WPR,2021,NA,NA,2023-10-12
Nicaragua,NIC,AMR,2015,NA,NA,2023-10-12
Nicaragua,NIC,AMR,2016,NA,NA,2023-10-12
Nicaragua,NIC,AMR,2017,NA,NA,2023-10-12
Nicaragua,NIC,AMR,2018,NA,NA,2023-10-12
Nicaragua,NIC,AMR,2019,NA,NA,2023-10-12
Nicaragua,NIC,AMR,2020,NA,NA,2023-10-12
Nicaragua,NIC,AMR,2021,NA,NA,2023-10-12
Niger,NER,AFR,2015,NA,NA,2023-10-12
Niger,NER,AFR,2016,NA,NA,2023-10-12
Niger,NER,AFR,2017,NA,NA,2023-10-12
Niger,NER,AFR,2018,NA,NA,2023-10-12
Niger,NER,AFR,2019,NA,NA,2023-10-12
Niger,NER,AFR,2020,NA,NA,2023-10-12
Niger,NER,AFR,2021,NA,NA,2023-10-12
Nigeria,NGA,AFR,2015,NA,NA,2023-10-12
Nigeria,NGA,AFR,2016,NA,NA,2023-10-12
Nigeria,NGA,AFR,2017,NA,NA,2023-10-12
Nigeria,NGA,AFR,2018,NA,NA,2023-10-12
Nigeria,NGA,AFR,2019,NA,NA,2023-10-12
Nigeria,NGA,AFR,2020,NA,NA,2023-10-12
Nigeria,NGA,AFR,2021,NA,NA,2023-10-12
Niue,NIU,WPR,2015,NA,NA,2023-10-12
Niue,NIU,WPR,2016,NA,NA,2023-10-12
Niue,NIU,WPR,2017,NA,NA,2023-10-12
Niue,NIU,WPR,2018,NA,NA,2023-10-12
Niue,NIU,WPR,2019,NA,NA,2023-10-12
Niue,NIU,WPR,2020,NA,1,2023-10-12
Niue,NIU,WPR,2021,NA,NA,2023-10-12
North Macedonia,MKD,EUR,2015,NA,NA,2023-10-12
North Macedonia,MKD,EUR,2016,NA,NA,2023-10-12
North Macedonia,MKD,EUR,2017,NA,NA,2023-10-12
North Macedonia,MKD,EUR,2018,NA,NA,2023-10-12
North Macedonia,MKD,EUR,2019,NA,NA,2023-10-12
North Macedonia,MKD,EUR,2020,NA,NA,2023-10-12
North Macedonia,MKD,EUR,2021,NA,NA,2023-10-12
Northern Mariana Islands,MNP,WPR,2015,NA,NA,2023-10-12
Northern Mariana Islands,MNP,WPR,2016,NA,NA,2023-10-12
Northern Mariana Islands,MNP,WPR,2017,NA,NA,2023-10-12
Northern Mariana Islands,MNP,WPR,2018,NA,NA,2023-10-12
Northern Mariana Islands,MNP,WPR,2019,NA,NA,2023-10-12
Northern Mariana Islands,MNP,WPR,2020,NA,NA,2023-10-12
Northern Mariana Islands,MNP,WPR,2021,NA,NA,2023-10-12
Norway,NOR,EUR,2015,NA,NA,2023-10-12
Norway,NOR,EUR,2016,NA,NA,2023-10-12
Norway,NOR,EUR,2017,NA,NA,2023-10-12
Norway,NOR,EUR,2018,NA,NA,2023-10-12
Norway,NOR,EUR,2019,NA,NA,2023-10-12
Norway,NOR,EUR,2020,NA,NA,2023-10-12
Norway,NOR,EUR,2021,NA,NA,2023-10-12
"occupied Palestinian territory, including east Jerusalem",PSE,EMR,2015,NA,NA,2023-10-12
"occupied Palestinian territory, including east Jerusalem",PSE,EMR,2016,NA,NA,2023-10-12
"occupied Palestinian territory, including east Jerusalem",PSE,EMR,2017,NA,NA,2023-10-12
"occupied Palestinian territory, including east Jerusalem",PSE,EMR,2018,NA,NA,2023-10-12
"occupied Palestinian territory, including east Jerusalem",PSE,EMR,2019,NA,NA,2023-10-12
"occupied Palestinian territory, including east Jerusalem",PSE,EMR,2020,NA,NA,2023-10-12
"occupied Palestinian territory, including east Jerusalem",PSE,EMR,2021,NA,NA,2023-10-12
Oman,OMN,EMR,2015,NA,NA,2023-10-12
Oman,OMN,EMR,2016,NA,NA,2023-10-12
Oman,OMN,EMR,2017,NA,NA,2023-10-12
Oman,OMN,EMR,2018,NA,NA,2023-10-12
Oman,OMN,EMR,2019,NA,NA,2023-10-12
Oman,OMN,EMR,2020,NA,NA,2023-10-12
Oman,OMN,EMR,2021,NA,NA,2023-10-12
Pakistan,PAK,EMR,2015,NA,NA,2023-10-12
Pakistan,PAK,EMR,2016,NA,NA,2023-10-12
Pakistan,PAK,EMR,2017,NA,NA,2023-10-12
Pakistan,PAK,EMR,2018,NA,NA,2023-10-12
Pakistan,PAK,EMR,2019,NA,NA,2023-10-12
Pakistan,PAK,EMR,2020,NA,NA,2023-10-12
Pakistan,PAK,EMR,2021,NA,NA,2023-10-12
Palau,PLW,WPR,2015,NA,NA,2023-10-12
Palau,PLW,WPR,2016,NA,NA,2023-10-12
Palau,PLW,WPR,2017,NA,NA,2023-10-12
Palau,PLW,WPR,2018,NA,NA,2023-10-12
Palau,PLW,WPR,2019,NA,NA,2023-10-12
Palau,PLW,WPR,2020,NA,NA,2023-10-12
Palau,PLW,WPR,2021,NA,NA,2023-10-12
Panama,PAN,AMR,2015,NA,NA,2023-10-12
Panama,PAN,AMR,2016,NA,NA,2023-10-12
Panama,PAN,AMR,2017,NA,NA,2023-10-12
Panama,PAN,AMR,2018,NA,NA,2023-10-12
Panama,PAN,AMR,2019,NA,NA,2023-10-12
Panama,PAN,AMR,2020,NA,NA,2023-10-12
Panama,PAN,AMR,2021,NA,NA,2023-10-12
Papua New Guinea,PNG,WPR,2015,NA,NA,2023-10-12
Papua New Guinea,PNG,WPR,2016,NA,NA,2023-10-12
Papua New Guinea,PNG,WPR,2017,NA,NA,2023-10-12
Papua New Guinea,PNG,WPR,2018,NA,NA,2023-10-12
Papua New Guinea,PNG,WPR,2019,NA,NA,2023-10-12
Papua New Guinea,PNG,WPR,2020,NA,NA,2023-10-12
Papua New Guinea,PNG,WPR,2021,NA,NA,2023-10-12
Paraguay,PRY,AMR,2015,NA,NA,2023-10-12
Paraguay,PRY,AMR,2016,NA,NA,2023-10-12
Paraguay,PRY,AMR,2017,NA,NA,2023-10-12
Paraguay,PRY,AMR,2018,NA,NA,2023-10-12
Paraguay,PRY,AMR,2019,NA,NA,2023-10-12
Paraguay,PRY,AMR,2020,NA,NA,2023-10-12
Paraguay,PRY,AMR,2021,NA,NA,2023-10-12
Peru,PER,AMR,2015,NA,NA,2023-10-12
Peru,PER,AMR,2016,NA,NA,2023-10-12
Peru,PER,AMR,2017,NA,NA,2023-10-12
Peru,PER,AMR,2018,NA,NA,2023-10-12
Peru,PER,AMR,2019,NA,NA,2023-10-12
Peru,PER,AMR,2020,NA,NA,2023-10-12
Peru,PER,AMR,2021,NA,NA,2023-10-12
Philippines,PHL,WPR,2015,NA,NA,2023-10-12
Philippines,PHL,WPR,2016,NA,NA,2023-10-12
Philippines,PHL,WPR,2017,NA,NA,2023-10-12
Philippines,PHL,WPR,2018,NA,NA,2023-10-12
Philippines,PHL,WPR,2019,NA,NA,2023-10-12
Philippines,PHL,WPR,2020,NA,NA,2023-10-12
Philippines,PHL,WPR,2021,NA,NA,2023-10-12
Poland,POL,EUR,2015,NA,NA,2023-10-12
Poland,POL,EUR,2016,NA,NA,2023-10-12
Poland,POL,EUR,2017,NA,NA,2023-10-12
Poland,POL,EUR,2018,NA,NA,2023-10-12
Poland,POL,EUR,2019,NA,NA,2023-10-12
Poland,POL,EUR,2020,NA,NA,2023-10-12
Poland,POL,EUR,2021,NA,NA,2023-10-12
Portugal,PRT,EUR,2015,NA,NA,2023-10-12
Portugal,PRT,EUR,2016,NA,NA,2023-10-12
Portugal,PRT,EUR,2017,NA,NA,2023-10-12
Portugal,PRT,EUR,2018,NA,NA,2023-10-12
Portugal,PRT,EUR,2019,NA,NA,2023-10-12
Portugal,PRT,EUR,2020,NA,NA,2023-10-12
Portugal,PRT,EUR,2021,NA,NA,2023-10-12
Puerto Rico,PRI,AMR,2015,NA,NA,2023-10-12
Puerto Rico,PRI,AMR,2016,NA,NA,2023-10-12
Puerto Rico,PRI,AMR,2017,NA,NA,2023-10-12
Puerto Rico,PRI,AMR,2018,NA,NA,2023-10-12
Puerto Rico,PRI,AMR,2019,NA,NA,2023-10-12
Puerto Rico,PRI,AMR,2020,NA,NA,2023-10-12
Puerto Rico,PRI,AMR,2021,NA,NA,2023-10-12
Qatar,QAT,EMR,2015,NA,NA,2023-10-12
Qatar,QAT,EMR,2016,NA,NA,2023-10-12
Qatar,QAT,EMR,2017,NA,NA,2023-10-12
Qatar,QAT,EMR,2018,NA,NA,2023-10-12
Qatar,QAT,EMR,2019,NA,NA,2023-10-12
Qatar,QAT,EMR,2020,NA,NA,2023-10-12
Qatar,QAT,EMR,2021,NA,NA,2023-10-12
Republic of Korea,KOR,WPR,2015,NA,NA,2023-10-12
Republic of Korea,KOR,WPR,2016,NA,NA,2023-10-12
Republic of Korea,KOR,WPR,2017,NA,NA,2023-10-12
Republic of Korea,KOR,WPR,2018,NA,NA,2023-10-12
Republic of Korea,KOR,WPR,2019,NA,NA,2023-10-12
Republic of Korea,KOR,WPR,2020,NA,NA,2023-10-12
Republic of Korea,KOR,WPR,2021,NA,NA,2023-10-12
Republic of Moldova,MDA,EUR,2015,NA,NA,2023-10-12
Republic of Moldova,MDA,EUR,2016,NA,NA,2023-10-12
Republic of Moldova,MDA,EUR,2017,NA,NA,2023-10-12
Republic of Moldova,MDA,EUR,2018,NA,NA,2023-10-12
Republic of Moldova,MDA,EUR,2019,NA,NA,2023-10-12
Republic of Moldova,MDA,EUR,2020,NA,NA,2023-10-12
Republic of Moldova,MDA,EUR,2021,NA,NA,2023-10-12
Romania,ROU,EUR,2015,NA,NA,2023-10-12
Romania,ROU,EUR,2016,NA,NA,2023-10-12
Romania,ROU,EUR,2017,NA,NA,2023-10-12
Romania,ROU,EUR,2018,NA,NA,2023-10-12
Romania,ROU,EUR,2019,NA,NA,2023-10-12
Romania,ROU,EUR,2020,NA,NA,2023-10-12
Romania,ROU,EUR,2021,NA,NA,2023-10-12
Russian Federation,RUS,EUR,2015,NA,NA,2023-10-12
Russian Federation,RUS,EUR,2016,NA,NA,2023-10-12
Russian Federation,RUS,EUR,2017,NA,NA,2023-10-12
Russian Federation,RUS,EUR,2018,NA,NA,2023-10-12
Russian Federation,RUS,EUR,2019,NA,NA,2023-10-12
Russian Federation,RUS,EUR,2020,NA,NA,2023-10-12
Russian Federation,RUS,EUR,2021,NA,NA,2023-10-12
Rwanda,RWA,AFR,2015,NA,NA,2023-10-12
Rwanda,RWA,AFR,2016,NA,NA,2023-10-12
Rwanda,RWA,AFR,2017,NA,NA,2023-10-12
Rwanda,RWA,AFR,2018,NA,NA,2023-10-12
Rwanda,RWA,AFR,2019,NA,NA,2023-10-12
Rwanda,RWA,AFR,2020,NA,NA,2023-10-12
Rwanda,RWA,AFR,2021,NA,NA,2023-10-12
Saint Kitts and Nevis,KNA,AMR,2015,NA,NA,2023-10-12
Saint Kitts and Nevis,KNA,AMR,2016,NA,NA,2023-10-12
Saint Kitts and Nevis,KNA,AMR,2017,NA,NA,2023-10-12
Saint Kitts and Nevis,KNA,AMR,2018,NA,NA,2023-10-12
Saint Kitts and Nevis,KNA,AMR,2019,NA,NA,2023-10-12
Saint Kitts and Nevis,KNA,AMR,2020,NA,NA,2023-10-12
Saint Kitts and Nevis,KNA,AMR,2021,NA,NA,2023-10-12
Saint Lucia,LCA,AMR,2015,NA,NA,2023-10-12
Saint Lucia,LCA,AMR,2016,NA,NA,2023-10-12
Saint Lucia,LCA,AMR,2017,NA,NA,2023-10-12
Saint Lucia,LCA,AMR,2018,NA,NA,2023-10-12
Saint Lucia,LCA,AMR,2019,NA,NA,2023-10-12
Saint Lucia,LCA,AMR,2020,NA,NA,2023-10-12
Saint Lucia,LCA,AMR,2021,NA,2,2023-10-12
Saint Vincent and the Grenadines,VCT,AMR,2015,NA,NA,2023-10-12
Saint Vincent and the Grenadines,VCT,AMR,2016,NA,NA,2023-10-12
Saint Vincent and the Grenadines,VCT,AMR,2017,NA,NA,2023-10-12
Saint Vincent and the Grenadines,VCT,AMR,2018,NA,NA,2023-10-12
Saint Vincent and the Grenadines,VCT,AMR,2019,NA,NA,2023-10-12
Saint Vincent and the Grenadines,VCT,AMR,2020,NA,NA,2023-10-12
Saint Vincent and the Grenadines,VCT,AMR,2021,NA,NA,2023-10-12
Samoa,WSM,WPR,2015,NA,NA,2023-10-12
Samoa,WSM,WPR,2016,NA,NA,2023-10-12
Samoa,WSM,WPR,2017,NA,NA,2023-10-12
Samoa,WSM,WPR,2018,NA,NA,2023-10-12
Samoa,WSM,WPR,2019,NA,NA,2023-10-12
Samoa,WSM,WPR,2020,NA,NA,2023-10-12
Samoa,WSM,WPR,2021,NA,NA,2023-10-12
San Marino,SMR,EUR,2015,NA,NA,2023-10-12
San Marino,SMR,EUR,2016,NA,NA,2023-10-12
San Marino,SMR,EUR,2017,NA,NA,2023-10-12
San Marino,SMR,EUR,2018,NA,NA,2023-10-12
San Marino,SMR,EUR,2019,NA,NA,2023-10-12
San Marino,SMR,EUR,2020,NA,NA,2023-10-12
San Marino,SMR,EUR,2021,NA,NA,2023-10-12
Sao Tome and Principe,STP,AFR,2015,NA,NA,2023-10-12
Sao Tome and Principe,STP,AFR,2016,NA,NA,2023-10-12
Sao Tome and Principe,STP,AFR,2017,NA,NA,2023-10-12
Sao Tome and Principe,STP,AFR,2018,NA,NA,2023-10-12
Sao Tome and Principe,STP,AFR,2019,NA,NA,2023-10-12
Sao Tome and Principe,STP,AFR,2020,NA,NA,2023-10-12
Sao Tome and Principe,STP,AFR,2021,NA,NA,2023-10-12
Saudi Arabia,SAU,EMR,2015,NA,NA,2023-10-12
Saudi Arabia,SAU,EMR,2016,NA,NA,2023-10-12
Saudi Arabia,SAU,EMR,2017,NA,NA,2023-10-12
Saudi Arabia,SAU,EMR,2018,NA,NA,2023-10-12
Saudi Arabia,SAU,EMR,2019,NA,NA,2023-10-12
Saudi Arabia,SAU,EMR,2020,NA,NA,2023-10-12
Saudi Arabia,SAU,EMR,2021,NA,NA,2023-10-12
Senegal,SEN,AFR,2015,NA,NA,2023-10-12
Senegal,SEN,AFR,2016,NA,NA,2023-10-12
Senegal,SEN,AFR,2017,NA,NA,2023-10-12
Senegal,SEN,AFR,2018,NA,NA,2023-10-12
Senegal,SEN,AFR,2019,NA,NA,2023-10-12
Senegal,SEN,AFR,2020,NA,NA,2023-10-12
Senegal,SEN,AFR,2021,NA,NA,2023-10-12
Serbia,SRB,EUR,2015,NA,NA,2023-10-12
Serbia,SRB,EUR,2016,NA,NA,2023-10-12
Serbia,SRB,EUR,2017,NA,NA,2023-10-12
Serbia,SRB,EUR,2018,NA,NA,2023-10-12
Serbia,SRB,EUR,2019,NA,NA,2023-10-12
Serbia,SRB,EUR,2020,NA,NA,2023-10-12
Serbia,SRB,EUR,2021,NA,NA,2023-10-12
Seychelles,SYC,AFR,2015,NA,NA,2023-10-12
Seychelles,SYC,AFR,2016,NA,NA,2023-10-12
Seychelles,SYC,AFR,2017,NA,NA,2023-10-12
Seychelles,SYC,AFR,2018,NA,NA,2023-10-12
Seychelles,SYC,AFR,2019,NA,NA,2023-10-12
Seychelles,SYC,AFR,2020,NA,NA,2023-10-12
Seychelles,SYC,AFR,2021,NA,NA,2023-10-12
Sierra Leone,SLE,AFR,2015,NA,NA,2023-10-12
Sierra Leone,SLE,AFR,2016,NA,NA,2023-10-12
Sierra Leone,SLE,AFR,2017,NA,NA,2023-10-12
Sierra Leone,SLE,AFR,2018,NA,NA,2023-10-12
Sierra Leone,SLE,AFR,2019,NA,NA,2023-10-12
Sierra Leone,SLE,AFR,2020,NA,NA,2023-10-12
Sierra Leone,SLE,AFR,2021,NA,NA,2023-10-12
Singapore,SGP,WPR,2015,NA,NA,2023-10-12
Singapore,SGP,WPR,2016,NA,NA,2023-10-12
Singapore,SGP,WPR,2017,NA,NA,2023-10-12
Singapore,SGP,WPR,2018,NA,NA,2023-10-12
Singapore,SGP,WPR,2019,NA,NA,2023-10-12
Singapore,SGP,WPR,2020,NA,NA,2023-10-12
Singapore,SGP,WPR,2021,NA,NA,2023-10-12
Sint Maarten (Dutch part),SXM,AMR,2015,NA,NA,2023-10-12
Sint Maarten (Dutch part),SXM,AMR,2016,NA,NA,2023-10-12
Sint Maarten (Dutch part),SXM,AMR,2017,NA,NA,2023-10-12
Sint Maarten (Dutch part),SXM,AMR,2018,NA,NA,2023-10-12
Sint Maarten (Dutch part),SXM,AMR,2019,NA,NA,2023-10-12
Sint Maarten (Dutch part),SXM,AMR,2020,NA,NA,2023-10-12
Sint Maarten (Dutch part),SXM,AMR,2021,NA,NA,2023-10-12
Slovakia,SVK,EUR,2015,NA,NA,2023-10-12
Slovakia,SVK,EUR,2016,NA,NA,2023-10-12
Slovakia,SVK,EUR,2017,NA,NA,2023-10-12
Slovakia,SVK,EUR,2018,NA,NA,2023-10-12
Slovakia,SVK,EUR,2019,NA,NA,2023-10-12
Slovakia,SVK,EUR,2020,NA,NA,2023-10-12
Slovakia,SVK,EUR,2021,NA,NA,2023-10-12
Slovenia,SVN,EUR,2015,NA,NA,2023-10-12
Slovenia,SVN,EUR,2016,NA,NA,2023-10-12
Slovenia,SVN,EUR,2017,NA,NA,2023-10-12
Slovenia,SVN,EUR,2018,NA,NA,2023-10-12
Slovenia,SVN,EUR,2019,NA,NA,2023-10-12
Slovenia,SVN,EUR,2020,NA,NA,2023-10-12
Slovenia,SVN,EUR,2021,NA,NA,2023-10-12
Solomon Islands,SLB,WPR,2015,NA,NA,2023-10-12
Solomon Islands,SLB,WPR,2016,NA,NA,2023-10-12
Solomon Islands,SLB,WPR,2017,NA,NA,2023-10-12
Solomon Islands,SLB,WPR,2018,NA,NA,2023-10-12
Solomon Islands,SLB,WPR,2019,NA,NA,2023-10-12
Solomon Islands,SLB,WPR,2020,NA,NA,2023-10-12
Solomon Islands,SLB,WPR,2021,NA,NA,2023-10-12
Somalia,SOM,EMR,2015,NA,NA,2023-10-12
Somalia,SOM,EMR,2016,NA,NA,2023-10-12
Somalia,SOM,EMR,2017,NA,NA,2023-10-12
Somalia,SOM,EMR,2018,NA,NA,2023-10-12
Somalia,SOM,EMR,2019,NA,NA,2023-10-12
Somalia,SOM,EMR,2020,NA,NA,2023-10-12
Somalia,SOM,EMR,2021,NA,NA,2023-10-12
South Africa,ZAF,AFR,2015,NA,NA,2023-10-12
South Africa,ZAF,AFR,2016,NA,NA,2023-10-12
South Africa,ZAF,AFR,2017,NA,NA,2023-10-12
South Africa,ZAF,AFR,2018,NA,NA,2023-10-12
South Africa,ZAF,AFR,2019,NA,NA,2023-10-12
South Africa,ZAF,AFR,2020,NA,NA,2023-10-12
South Africa,ZAF,AFR,2021,NA,NA,2023-10-12
South Sudan,SSD,AFR,2015,NA,NA,2023-10-12
South Sudan,SSD,AFR,2016,NA,NA,2023-10-12
South Sudan,SSD,AFR,2017,NA,NA,2023-10-12
South Sudan,SSD,AFR,2018,NA,NA,2023-10-12
South Sudan,SSD,AFR,2019,NA,NA,2023-10-12
South Sudan,SSD,AFR,2020,NA,NA,2023-10-12
South Sudan,SSD,AFR,2021,NA,NA,2023-10-12
Spain,ESP,EUR,2015,NA,NA,2023-10-12
Spain,ESP,EUR,2016,NA,NA,2023-10-12
Spain,ESP,EUR,2017,NA,NA,2023-10-12
Spain,ESP,EUR,2018,NA,NA,2023-10-12
Spain,ESP,EUR,2019,NA,NA,2023-10-12
Spain,ESP,EUR,2020,NA,NA,2023-10-12
Spain,ESP,EUR,2021,NA,NA,2023-10-12
Sri Lanka,LKA,SEA,2015,NA,NA,2023-10-12
Sri Lanka,LKA,SEA,2016,NA,NA,2023-10-12
Sri Lanka,LKA,SEA,2017,NA,NA,2023-10-12
Sri Lanka,LKA,SEA,2018,NA,NA,2023-10-12
Sri Lanka,LKA,SEA,2019,NA,NA,2023-10-12
Sri Lanka,LKA,SEA,2020,NA,NA,2023-10-12
Sri Lanka,LKA,SEA,2021,NA,NA,2023-10-12
Sudan,SDN,EMR,2015,NA,NA,2023-10-12
Sudan,SDN,EMR,2016,NA,NA,2023-10-12
Sudan,SDN,EMR,2017,NA,NA,2023-10-12
Sudan,SDN,EMR,2018,NA,NA,2023-10-12
Sudan,SDN,EMR,2019,NA,NA,2023-10-12
Sudan,SDN,EMR,2020,NA,NA,2023-10-12
Sudan,SDN,EMR,2021,NA,NA,2023-10-12
Suriname,SUR,AMR,2015,NA,NA,2023-10-12
Suriname,SUR,AMR,2016,NA,NA,2023-10-12
Suriname,SUR,AMR,2017,NA,NA,2023-10-12
Suriname,SUR,AMR,2018,NA,NA,2023-10-12
Suriname,SUR,AMR,2019,NA,NA,2023-10-12
Suriname,SUR,AMR,2020,NA,NA,2023-10-12
Suriname,SUR,AMR,2021,NA,NA,2023-10-12
Sweden,SWE,EUR,2015,NA,NA,2023-10-12
Sweden,SWE,EUR,2016,NA,NA,2023-10-12
Sweden,SWE,EUR,2017,NA,NA,2023-10-12
Sweden,SWE,EUR,2018,NA,NA,2023-10-12
Sweden,SWE,EUR,2019,NA,NA,2023-10-12
Sweden,SWE,EUR,2020,NA,NA,2023-10-12
Sweden,SWE,EUR,2021,NA,NA,2023-10-12
Switzerland,CHE,EUR,2015,NA,NA,2023-10-12
Switzerland,CHE,EUR,2016,NA,NA,2023-10-12
Switzerland,CHE,EUR,2017,NA,NA,2023-10-12
Switzerland,CHE,EUR,2018,NA,NA,2023-10-12
Switzerland,CHE,EUR,2019,NA,NA,2023-10-12
Switzerland,CHE,EUR,2020,NA,NA,2023-10-12
Switzerland,CHE,EUR,2021,NA,NA,2023-10-12
Syrian Arab Republic,SYR,EMR,2015,NA,NA,2023-10-12
Syrian Arab Republic,SYR,EMR,2016,NA,NA,2023-10-12
Syrian Arab Republic,SYR,EMR,2017,NA,NA,2023-10-12
Syrian Arab Republic,SYR,EMR,2018,NA,NA,2023-10-12
Syrian Arab Republic,SYR,EMR,2019,NA,NA,2023-10-12
Syrian Arab Republic,SYR,EMR,2020,NA,NA,2023-10-12
Syrian Arab Republic,SYR,EMR,2021,NA,NA,2023-10-12
Tajikistan,TJK,EUR,2015,NA,NA,2023-10-12
Tajikistan,TJK,EUR,2016,NA,NA,2023-10-12
Tajikistan,TJK,EUR,2017,NA,NA,2023-10-12
Tajikistan,TJK,EUR,2018,NA,NA,2023-10-12
Tajikistan,TJK,EUR,2019,NA,NA,2023-10-12
Tajikistan,TJK,EUR,2020,NA,NA,2023-10-12
Tajikistan,TJK,EUR,2021,NA,NA,2023-10-12
Thailand,THA,SEA,2015,NA,NA,2023-10-12
Thailand,THA,SEA,2016,NA,NA,2023-10-12
Thailand,THA,SEA,2017,NA,NA,2023-10-12
Thailand,THA,SEA,2018,NA,NA,2023-10-12
Thailand,THA,SEA,2019,NA,NA,2023-10-12
Thailand,THA,SEA,2020,NA,NA,2023-10-12
Thailand,THA,SEA,2021,NA,NA,2023-10-12
Timor-Leste,TLS,SEA,2015,NA,NA,2023-10-12
Timor-Leste,TLS,SEA,2016,NA,NA,2023-10-12
Timor-Leste,TLS,SEA,2017,NA,NA,2023-10-12
Timor-Leste,TLS,SEA,2018,NA,NA,2023-10-12
Timor-Leste,TLS,SEA,2019,NA,NA,2023-10-12
Timor-Leste,TLS,SEA,2020,NA,NA,2023-10-12
Timor-Leste,TLS,SEA,2021,NA,NA,2023-10-12
Togo,TGO,AFR,2015,NA,NA,2023-10-12
Togo,TGO,AFR,2016,NA,NA,2023-10-12
Togo,TGO,AFR,2017,NA,NA,2023-10-12
Togo,TGO,AFR,2018,NA,NA,2023-10-12
Togo,TGO,AFR,2019,NA,NA,2023-10-12
Togo,TGO,AFR,2020,NA,NA,2023-10-12
Togo,TGO,AFR,2021,NA,NA,2023-10-12
Tokelau,TKL,WPR,2015,NA,NA,2023-10-12
Tokelau,TKL,WPR,2016,NA,NA,2023-10-12
Tokelau,TKL,WPR,2017,NA,NA,2023-10-12
Tokelau,TKL,WPR,2018,NA,NA,2023-10-12
Tokelau,TKL,WPR,2019,NA,NA,2023-10-12
Tokelau,TKL,WPR,2020,NA,NA,2023-10-12
Tokelau,TKL,WPR,2021,NA,NA,2023-10-12
Tonga,TON,WPR,2015,NA,NA,2023-10-12
Tonga,TON,WPR,2016,NA,NA,2023-10-12
Tonga,TON,WPR,2017,NA,NA,2023-10-12
Tonga,TON,WPR,2018,NA,NA,2023-10-12
Tonga,TON,WPR,2019,NA,NA,2023-10-12
Tonga,TON,WPR,2020,NA,NA,2023-10-12
Tonga,TON,WPR,2021,NA,NA,2023-10-12
Trinidad and Tobago,TTO,AMR,2015,NA,NA,2023-10-12
Trinidad and Tobago,TTO,AMR,2016,NA,NA,2023-10-12
Trinidad and Tobago,TTO,AMR,2017,NA,NA,2023-10-12
Trinidad and Tobago,TTO,AMR,2018,NA,NA,2023-10-12
Trinidad and Tobago,TTO,AMR,2019,NA,NA,2023-10-12
Trinidad and Tobago,TTO,AMR,2020,NA,NA,2023-10-12
Trinidad and Tobago,TTO,AMR,2021,NA,NA,2023-10-12
Tunisia,TUN,EMR,2015,NA,NA,2023-10-12
Tunisia,TUN,EMR,2016,NA,NA,2023-10-12
Tunisia,TUN,EMR,2017,NA,NA,2023-10-12
Tunisia,TUN,EMR,2018,NA,NA,2023-10-12
Tunisia,TUN,EMR,2019,NA,NA,2023-10-12
Tunisia,TUN,EMR,2020,NA,NA,2023-10-12
Tunisia,TUN,EMR,2021,NA,NA,2023-10-12
Türkiye,TUR,EUR,2015,NA,NA,2023-10-12
Türkiye,TUR,EUR,2016,NA,NA,2023-10-12
Türkiye,TUR,EUR,2017,NA,NA,2023-10-12
Türkiye,TUR,EUR,2018,NA,NA,2023-10-12
Türkiye,TUR,EUR,2019,NA,NA,2023-10-12
Türkiye,TUR,EUR,2020,NA,NA,2023-10-12
Türkiye,TUR,EUR,2021,NA,NA,2023-10-12
Turkmenistan,TKM,EUR,2015,NA,NA,2023-10-12
Turkmenistan,TKM,EUR,2016,NA,NA,2023-10-12
Turkmenistan,TKM,EUR,2017,NA,NA,2023-10-12
Turkmenistan,TKM,EUR,2018,NA,NA,2023-10-12
Turkmenistan,TKM,EUR,2019,NA,NA,2023-10-12
Turkmenistan,TKM,EUR,2020,NA,NA,2023-10-12
Turkmenistan,TKM,EUR,2021,NA,NA,2023-10-12
Turks and Caicos Islands,TCA,AMR,2015,NA,NA,2023-10-12
Turks and Caicos Islands,TCA,AMR,2016,NA,NA,2023-10-12
Turks and Caicos Islands,TCA,AMR,2017,NA,NA,2023-10-12
Turks and Caicos Islands,TCA,AMR,2018,NA,NA,2023-10-12
Turks and Caicos Islands,TCA,AMR,2019,NA,NA,2023-10-12
Turks and Caicos Islands,TCA,AMR,2020,NA,NA,2023-10-12
Turks and Caicos Islands,TCA,AMR,2021,NA,NA,2023-10-12
Tuvalu,TUV,WPR,2015,NA,NA,2023-10-12
Tuvalu,TUV,WPR,2016,NA,NA,2023-10-12
Tuvalu,TUV,WPR,2017,0,NA,2023-10-12
Tuvalu,TUV,WPR,2018,NA,NA,2023-10-12
Tuvalu,TUV,WPR,2019,NA,NA,2023-10-12
Tuvalu,TUV,WPR,2020,NA,NA,2023-10-12
Tuvalu,TUV,WPR,2021,NA,NA,2023-10-12
Uganda,UGA,AFR,2015,NA,NA,2023-10-12
Uganda,UGA,AFR,2016,NA,NA,2023-10-12
Uganda,UGA,AFR,2017,NA,NA,2023-10-12
Uganda,UGA,AFR,2018,NA,NA,2023-10-12
Uganda,UGA,AFR,2019,NA,NA,2023-10-12
Uganda,UGA,AFR,2020,NA,NA,2023-10-12
Uganda,UGA,AFR,2021,NA,NA,2023-10-12
Ukraine,UKR,EUR,2015,NA,NA,2023-10-12
Ukraine,UKR,EUR,2016,NA,NA,2023-10-12
Ukraine,UKR,EUR,2017,NA,NA,2023-10-12
Ukraine,UKR,EUR,2018,NA,NA,2023-10-12
Ukraine,UKR,EUR,2019,NA,NA,2023-10-12
Ukraine,UKR,EUR,2020,NA,NA,2023-10-12
Ukraine,UKR,EUR,2021,NA,NA,2023-10-12
United Arab Emirates,ARE,EMR,2015,NA,NA,2023-10-12
United Arab Emirates,ARE,EMR,2016,NA,NA,2023-10-12
United Arab Emirates,ARE,EMR,2017,NA,NA,2023-10-12
United Arab Emirates,ARE,EMR,2018,NA,NA,2023-10-12
United Arab Emirates,ARE,EMR,2019,NA,NA,2023-10-12
United Arab Emirates,ARE,EMR,2020,NA,NA,2023-10-12
United Arab Emirates,ARE,EMR,2021,NA,NA,2023-10-12
United Kingdom of Great Britain and Northern Ireland,GBR,EUR,2015,NA,NA,2023-10-12
United Kingdom of Great Britain and Northern Ireland,GBR,EUR,2016,NA,NA,2023-10-12
United Kingdom of Great Britain and Northern Ireland,GBR,EUR,2017,NA,NA,2023-10-12
United Kingdom of Great Britain and Northern Ireland,GBR,EUR,2018,NA,NA,2023-10-12
United Kingdom of Great Britain and Northern Ireland,GBR,EUR,2019,NA,NA,2023-10-12
United Kingdom of Great Britain and Northern Ireland,GBR,EUR,2020,NA,NA,2023-10-12
United Kingdom of Great Britain and Northern Ireland,GBR,EUR,2021,NA,NA,2023-10-12
United Republic of Tanzania,TZA,AFR,2015,NA,NA,2023-10-12
United Republic of Tanzania,TZA,AFR,2016,NA,NA,2023-10-12
United Republic of Tanzania,TZA,AFR,2017,NA,NA,2023-10-12
United Republic of Tanzania,TZA,AFR,2018,NA,NA,2023-10-12
United Republic of Tanzania,TZA,AFR,2019,NA,NA,2023-10-12
United Republic of Tanzania,TZA,AFR,2020,NA,NA,2023-10-12
United Republic of Tanzania,TZA,AFR,2021,NA,NA,2023-10-12
United States of America,USA,AMR,2015,NA,NA,2023-10-12
United States of America,USA,AMR,2016,NA,NA,2023-10-12
United States of America,USA,AMR,2017,NA,NA,2023-10-12
United States of America,USA,AMR,2018,NA,NA,2023-10-12
United States of America,USA,AMR,2019,NA,NA,2023-10-12
United States of America,USA,AMR,2020,NA,NA,2023-10-12
United States of America,USA,AMR,2021,NA,NA,2023-10-12
Uruguay,URY,AMR,2015,NA,NA,2023-10-12
Uruguay,URY,AMR,2016,NA,NA,2023-10-12
Uruguay,URY,AMR,2017,NA,NA,2023-10-12
Uruguay,URY,AMR,2018,NA,NA,2023-10-12
Uruguay,URY,AMR,2019,NA,NA,2023-10-12
Uruguay,URY,AMR,2020,NA,NA,2023-10-12
Uruguay,URY,AMR,2021,NA,NA,2023-10-12
Uzbekistan,UZB,EUR,2015,NA,NA,2023-10-12
Uzbekistan,UZB,EUR,2016,NA,NA,2023-10-12
Uzbekistan,UZB,EUR,2017,NA,NA,2023-10-12
Uzbekistan,UZB,EUR,2018,NA,NA,2023-10-12
Uzbekistan,UZB,EUR,2019,NA,NA,2023-10-12
Uzbekistan,UZB,EUR,2020,NA,NA,2023-10-12
Uzbekistan,UZB,EUR,2021,NA,NA,2023-10-12
Vanuatu,VUT,WPR,2015,NA,NA,2023-10-12
Vanuatu,VUT,WPR,2016,NA,NA,2023-10-12
Vanuatu,VUT,WPR,2017,NA,NA,2023-10-12
Vanuatu,VUT,WPR,2018,NA,NA,2023-10-12
Vanuatu,VUT,WPR,2019,NA,NA,2023-10-12
Vanuatu,VUT,WPR,2020,NA,NA,2023-10-12
Vanuatu,VUT,WPR,2021,NA,NA,2023-10-12
Venezuela (Bolivarian Republic of),VEN,AMR,2015,NA,NA,2023-10-12
Venezuela (Bolivarian Republic of),VEN,AMR,2016,NA,NA,2023-10-12
Venezuela (Bolivarian Republic of),VEN,AMR,2017,NA,NA,2023-10-12
Venezuela (Bolivarian Republic of),VEN,AMR,2018,NA,NA,2023-10-12
Venezuela (Bolivarian Republic of),VEN,AMR,2019,NA,NA,2023-10-12
Venezuela (Bolivarian Republic of),VEN,AMR,2020,NA,NA,2023-10-12
Venezuela (Bolivarian Republic of),VEN,AMR,2021,NA,NA,2023-10-12
Viet Nam,VNM,WPR,2015,NA,NA,2023-10-12
Viet Nam,VNM,WPR,2016,NA,NA,2023-10-12
Viet Nam,VNM,WPR,2017,NA,NA,2023-10-12
Viet Nam,VNM,WPR,2018,NA,NA,2023-10-12
Viet Nam,VNM,WPR,2019,NA,NA,2023-10-12
Viet Nam,VNM,WPR,2020,NA,NA,2023-10-12
Viet Nam,VNM,WPR,2021,NA,NA,2023-10-12
Wallis and Futuna,WLF,WPR,2015,NA,NA,2023-10-12
Wallis and Futuna,WLF,WPR,2016,NA,NA,2023-10-12
Wallis and Futuna,WLF,WPR,2017,NA,NA,2023-10-12
Wallis and Futuna,WLF,WPR,2018,NA,NA,2023-10-12
Wallis and Futuna,WLF,WPR,2019,NA,NA,2023-10-12
Wallis and Futuna,WLF,WPR,2020,NA,NA,2023-10-12
Wallis and Futuna,WLF,WPR,2021,NA,NA,2023-10-12
Yemen,YEM,EMR,2015,NA,NA,2023-10-12
Yemen,YEM,EMR,2016,NA,NA,2023-10-12
Yemen,YEM,EMR,2017,NA,NA,2023-10-12
Yemen,YEM,EMR,2018,NA,NA,2023-10-12
Yemen,YEM,EMR,2019,NA,NA,2023-10-12
Yemen,YEM,EMR,2020,NA,NA,2023-10-12
Yemen,YEM,EMR,2021,NA,NA,2023-10-12
Zambia,ZMB,AFR,2015,NA,NA,2023-10-12
Zambia,ZMB,AFR,2016,NA,NA,2023-10-12
Zambia,ZMB,AFR,2017,NA,NA,2023-10-12
Zambia,ZMB,AFR,2018,NA,NA,2023-10-12
Zambia,ZMB,AFR,2019,NA,NA,2023-10-12
Zambia,ZMB,AFR,2020,NA,NA,2023-10-12
Zambia,ZMB,AFR,2021,NA,NA,2023-10-12
Zimbabwe,ZWE,AFR,2015,NA,NA,2023-10-12
Zimbabwe,ZWE,AFR,2016,NA,NA,2023-10-12
Zimbabwe,ZWE,AFR,2017,NA,NA,2023-10-12
Zimbabwe,ZWE,AFR,2018,NA,NA,2023-10-12
Zimbabwe,ZWE,AFR,2019,NA,NA,2023-10-12
Zimbabwe,ZWE,AFR,2020,NA,NA,2023-10-12
Zimbabwe,ZWE,AFR,2021,NA,NA,2023-10-12
